Time;F;
   0.010; 0.141;
   0.020; 0.140;
   0.030; 0.141;
   0.040; 0.141;
   0.050; 0.141;
   0.060; 0.139;
   0.070; 0.141;
   0.080; 0.140;
   0.090; 0.141;
   0.100; 0.140;
   0.110; 0.140;
   0.120; 0.140;
   0.130; 0.141;
   0.140; 0.139;
   0.150; 0.141;
   0.160; 0.139;
   0.170; 0.140;
   0.180; 0.139;
   0.190; 0.140;
   0.200; 0.139;
   0.210; 0.140;
   0.220; 0.139;
   0.230; 0.140;
   0.240; 0.139;
   0.250; 0.141;
   0.260; 0.139;
   0.270; 0.139;
   0.280; 0.139;
   0.290; 0.140;
   0.300; 0.138;
   0.310; 0.140;
   0.320; 0.140;
   0.330; 0.141;
   0.340; 0.140;
   0.350; 0.140;
   0.360; 0.140;
   0.370; 0.141;
   0.380; 0.139;
   0.390; 0.140;
   0.400; 0.140;
   0.410; 0.140;
   0.420; 0.139;
   0.430; 0.140;
   0.440; 0.139;
   0.450; 0.141;
   0.460; 0.139;
   0.470; 0.140;
   0.480; 0.140;
   0.490; 0.140;
   0.500; 0.139;
   0.510; 0.140;
   0.520; 0.139;
   0.530; 0.140;
   0.540; 0.139;
   0.550; 0.140;
   0.560; 0.139;
   0.570; 0.140;
   0.580; 0.139;
   0.590; 0.140;
   0.600; 0.139;
   0.610; 0.140;
   0.620; 0.138;
   0.630; 0.140;
   0.640; 0.139;
   0.650; 0.140;
   0.660; 0.138;
   0.670; 0.140;
   0.680; 0.139;
   0.690; 0.140;
   0.700; 0.139;
   0.710; 0.140;
   0.720; 0.140;
   0.730; 0.141;
   0.740; 0.139;
   0.750; 0.140;
   0.760; 0.141;
   0.770; 0.142;
   0.780; 0.140;
   0.790; 0.141;
   0.800; 0.140;
   0.810; 0.142;
   0.820; 0.140;
   0.830; 0.141;
   0.840; 0.140;
   0.850; 0.142;
   0.860; 0.140;
   0.870; 0.141;
   0.880; 0.141;
   0.890; 0.142;
   0.900; 0.140;
   0.910; 0.140;
   0.920; 0.141;
   0.930; 0.142;
   0.940; 0.140;
   0.950; 0.140;
   0.960; 0.139;
   0.970; 0.140;
   0.980; 0.139;
   0.990; 0.141;
   1.000; 0.140;
   1.010; 0.141;
   1.020; 0.139;
   1.030; 0.141;
   1.040; 0.139;
   1.050; 0.140;
   1.060; 0.139;
   1.070; 0.140;
   1.080; 0.139;
   1.090; 0.140;
   1.100; 0.139;
   1.110; 0.140;
   1.120; 0.139;
   1.130; 0.141;
   1.140; 0.140;
   1.150; 0.140;
   1.160; 0.139;
   1.170; 0.141;
   1.180; 0.140;
   1.190; 0.141;
   1.200; 0.140;
   1.210; 0.141;
   1.220; 0.140;
   1.230; 0.141;
   1.240; 0.140;
   1.250; 0.141;
   1.260; 0.139;
   1.270; 0.139;
   1.280; 0.139;
   1.290; 0.141;
   1.300; 0.139;
   1.310; 0.141;
   1.320; 0.140;
   1.330; 0.141;
   1.340; 0.140;
   1.350; 0.140;
   1.360; 0.140;
   1.370; 0.141;
   1.380; 0.140;
   1.390; 0.141;
   1.400; 0.139;
   1.410; 0.141;
   1.420; 0.139;
   1.430; 0.140;
   1.440; 0.140;
   1.450; 0.141;
   1.460; 0.139;
   1.470; 0.139;
   1.480; 0.139;
   1.490; 0.140;
   1.500; 0.140;
   1.510; 0.140;
   1.520; 0.139;
   1.530; 0.141;
   1.540; 0.140;
   1.550; 0.140;
   1.560; 0.140;
   1.570; 0.140;
   1.580; 0.139;
   1.590; 0.140;
   1.600; 0.139;
   1.610; 0.142;
   1.620; 0.140;
   1.630; 0.141;
   1.640; 0.141;
   1.650; 0.141;
   1.660; 0.140;
   1.670; 0.141;
   1.680; 0.141;
   1.690; 0.142;
   1.700; 0.140;
   1.710; 0.142;
   1.720; 0.141;
   1.730; 0.142;
   1.740; 0.140;
   1.750; 0.141;
   1.760; 0.140;
   1.770; 0.142;
   1.780; 0.140;
   1.790; 0.141;
   1.800; 0.141;
   1.810; 0.142;
   1.820; 0.141;
   1.830; 0.141;
   1.840; 0.141;
   1.850; 0.144;
   1.860; 0.140;
   1.870; 0.141;
   1.880; 0.141;
   1.890; 0.142;
   1.900; 0.141;
   1.910; 0.142;
   1.920; 0.141;
   1.930; 0.144;
   1.940; 0.141;
   1.950; 0.142;
   1.960; 0.141;
   1.970; 0.142;
   1.980; 0.141;
   1.990; 0.142;
   2.000; 0.141;
   2.010; 0.142;
   2.020; 0.141;
   2.030; 0.141;
   2.040; 0.141;
   2.050; 0.142;
   2.060; 0.140;
   2.070; 0.141;
   2.080; 0.140;
   2.090; 0.142;
   2.100; 0.141;
   2.110; 0.141;
   2.120; 0.141;
   2.130; 0.142;
   2.140; 0.141;
   2.150; 0.142;
   2.160; 0.141;
   2.170; 0.142;
   2.180; 0.141;
   2.190; 0.140;
   2.200; 0.142;
   2.210; 0.142;
   2.220; 0.141;
   2.230; 0.142;
   2.240; 0.141;
   2.250; 0.142;
   2.260; 0.142;
   2.270; 0.142;
   2.280; 0.141;
   2.290; 0.144;
   2.300; 0.141;
   2.310; 0.141;
   2.320; 0.141;
   2.330; 0.144;
   2.340; 0.141;
   2.350; 0.144;
   2.360; 0.141;
   2.370; 0.144;
   2.380; 0.141;
   2.390; 0.142;
   2.400; 0.141;
   2.410; 0.144;
   2.420; 0.142;
   2.430; 0.142;
   2.440; 0.142;
   2.450; 0.144;
   2.460; 0.141;
   2.470; 0.142;
   2.480; 0.141;
   2.490; 0.144;
   2.500; 0.141;
   2.510; 0.142;
   2.520; 0.141;
   2.530; 0.142;
   2.540; 0.141;
   2.550; 0.141;
   2.560; 0.142;
   2.570; 0.142;
   2.580; 0.141;
   2.590; 0.142;
   2.600; 0.142;
   2.610; 0.144;
   2.620; 0.141;
   2.630; 0.142;
   2.640; 0.141;
   2.650; 0.142;
   2.660; 0.140;
   2.670; 0.141;
   2.680; 0.141;
   2.690; 0.142;
   2.700; 0.141;
   2.710; 0.142;
   2.720; 0.141;
   2.730; 0.142;
   2.740; 0.141;
   2.750; 0.142;
   2.760; 0.140;
   2.770; 0.142;
   2.780; 0.141;
   2.790; 0.141;
   2.800; 0.141;
   2.810; 0.142;
   2.820; 0.140;
   2.830; 0.141;
   2.840; 0.141;
   2.850; 0.142;
   2.860; 0.141;
   2.870; 0.141;
   2.880; 0.141;
   2.890; 0.142;
   2.900; 0.140;
   2.910; 0.142;
   2.920; 0.141;
   2.930; 0.142;
   2.940; 0.141;
   2.950; 0.142;
   2.960; 0.142;
   2.970; 0.144;
   2.980; 0.141;
   2.990; 0.141;
   3.000; 0.142;
   3.010; 0.142;
   3.020; 0.140;
   3.030; 0.141;
   3.040; 0.141;
   3.050; 0.142;
   3.060; 0.140;
   3.070; 0.140;
   3.080; 0.140;
   3.090; 0.141;
   3.100; 0.140;
   3.110; 0.140;
   3.120; 0.140;
   3.130; 0.141;
   3.140; 0.140;
   3.150; 0.140;
   3.160; 0.140;
   3.170; 0.141;
   3.180; 0.139;
   3.190; 0.140;
   3.200; 0.140;
   3.210; 0.140;
   3.220; 0.139;
   3.230; 0.140;
   3.240; 0.140;
   3.250; 0.141;
   3.260; 0.139;
   3.270; 0.140;
   3.280; 0.139;
   3.290; 0.141;
   3.300; 0.139;
   3.310; 0.139;
   3.320; 0.139;
   3.330; 0.140;
   3.340; 0.139;
   3.350; 0.140;
   3.360; 0.139;
   3.370; 0.139;
   3.380; 0.139;
   3.390; 0.140;
   3.400; 0.139;
   3.410; 0.140;
   3.420; 0.138;
   3.430; 0.139;
   3.440; 0.138;
   3.450; 0.141;
   3.460; 0.138;
   3.470; 0.139;
   3.480; 0.138;
   3.490; 0.140;
   3.500; 0.139;
   3.510; 0.139;
   3.520; 0.138;
   3.530; 0.140;
   3.540; 0.139;
   3.550; 0.139;
   3.560; 0.139;
   3.570; 0.140;
   3.580; 0.139;
   3.590; 0.139;
   3.600; 0.140;
   3.610; 0.140;
   3.620; 0.139;
   3.630; 0.140;
   3.640; 0.139;
   3.650; 0.140;
   3.660; 0.138;
   3.670; 0.139;
   3.680; 0.138;
   3.690; 0.140;
   3.700; 0.138;
   3.710; 0.138;
   3.720; 0.138;
   3.730; 0.139;
   3.740; 0.138;
   3.750; 0.139;
   3.760; 0.138;
   3.770; 0.140;
   3.780; 0.138;
   3.790; 0.139;
   3.800; 0.138;
   3.810; 0.139;
   3.820; 0.138;
   3.830; 0.139;
   3.840; 0.138;
   3.850; 0.140;
   3.860; 0.136;
   3.870; 0.138;
   3.880; 0.139;
   3.890; 0.139;
   3.900; 0.138;
   3.910; 0.140;
   3.920; 0.139;
   3.930; 0.140;
   3.940; 0.139;
   3.950; 0.139;
   3.960; 0.139;
   3.970; 0.139;
   3.980; 0.139;
   3.990; 0.139;
   4.000; 0.138;
   4.010; 0.140;
   4.020; 0.139;
   4.030; 0.139;
   4.040; 0.139;
   4.050; 0.141;
   4.060; 0.139;
   4.070; 0.139;
   4.080; 0.138;
   4.090; 0.140;
   4.100; 0.138;
   4.110; 0.139;
   4.120; 0.139;
   4.130; 0.140;
   4.140; 0.139;
   4.150; 0.140;
   4.160; 0.140;
   4.170; 0.141;
   4.180; 0.139;
   4.190; 0.140;
   4.200; 0.140;
   4.210; 0.140;
   4.220; 0.138;
   4.230; 0.139;
   4.240; 0.139;
   4.250; 0.141;
   4.260; 0.140;
   4.270; 0.141;
   4.280; 0.140;
   4.290; 0.141;
   4.300; 0.139;
   4.310; 0.141;
   4.320; 0.140;
   4.330; 0.141;
   4.340; 0.140;
   4.350; 0.141;
   4.360; 0.140;
   4.370; 0.141;
   4.380; 0.140;
   4.390; 0.141;
   4.400; 0.141;
   4.410; 0.141;
   4.420; 0.140;
   4.430; 0.141;
   4.440; 0.140;
   4.450; 0.142;
   4.460; 0.139;
   4.470; 0.140;
   4.480; 0.140;
   4.490; 0.141;
   4.500; 0.140;
   4.510; 0.140;
   4.520; 0.140;
   4.530; 0.141;
   4.540; 0.139;
   4.550; 0.140;
   4.560; 0.139;
   4.570; 0.140;
   4.580; 0.138;
   4.590; 0.140;
   4.600; 0.139;
   4.610; 0.140;
   4.620; 0.139;
   4.630; 0.140;
   4.640; 0.139;
   4.650; 0.140;
   4.660; 0.138;
   4.670; 0.139;
   4.680; 0.136;
   4.690; 0.139;
   4.700; 0.138;
   4.710; 0.139;
   4.720; 0.139;
   4.730; 0.140;
   4.740; 0.139;
   4.750; 0.139;
   4.760; 0.138;
   4.770; 0.141;
   4.780; 0.140;
   4.790; 0.139;
   4.800; 0.139;
   4.810; 0.139;
   4.820; 0.138;
   4.830; 0.139;
   4.840; 0.139;
   4.850; 0.140;
   4.860; 0.138;
   4.870; 0.139;
   4.880; 0.138;
   4.890; 0.139;
   4.900; 0.139;
   4.910; 0.140;
   4.920; 0.139;
   4.930; 0.140;
   4.940; 0.139;
   4.950; 0.140;
   4.960; 0.139;
   4.970; 0.140;
   4.980; 0.138;
   4.990; 0.139;
   5.000; 0.138;
   5.010; 0.140;
   5.020; 0.139;
   5.030; 0.140;
   5.040; 0.139;
   5.050; 0.139;
   5.060; 0.138;
   5.070; 0.140;
   5.080; 0.139;
   5.090; 0.140;
   5.100; 0.139;
   5.110; 0.139;
   5.120; 0.139;
   5.130; 0.141;
   5.140; 0.139;
   5.150; 0.140;
   5.160; 0.139;
   5.170; 0.140;
   5.180; 0.139;
   5.190; 0.140;
   5.200; 0.140;
   5.210; 0.140;
   5.220; 0.139;
   5.230; 0.140;
   5.240; 0.139;
   5.250; 0.141;
   5.260; 0.138;
   5.270; 0.139;
   5.280; 0.139;
   5.290; 0.140;
   5.300; 0.138;
   5.310; 0.140;
   5.320; 0.139;
   5.330; 0.141;
   5.340; 0.139;
   5.350; 0.140;
   5.360; 0.139;
   5.370; 0.140;
   5.380; 0.139;
   5.390; 0.140;
   5.400; 0.139;
   5.410; 0.140;
   5.420; 0.139;
   5.430; 0.139;
   5.440; 0.139;
   5.450; 0.140;
   5.460; 0.139;
   5.470; 0.139;
   5.480; 0.139;
   5.490; 0.140;
   5.500; 0.139;
   5.510; 0.139;
   5.520; 0.139;
   5.530; 0.140;
   5.540; 0.139;
   5.550; 0.139;
   5.560; 0.138;
   5.570; 0.139;
   5.580; 0.138;
   5.590; 0.139;
   5.600; 0.139;
   5.610; 0.140;
   5.620; 0.138;
   5.630; 0.139;
   5.640; 0.139;
   5.650; 0.140;
   5.660; 0.138;
   5.670; 0.139;
   5.680; 0.139;
   5.690; 0.139;
   5.700; 0.138;
   5.710; 0.139;
   5.720; 0.138;
   5.730; 0.139;
   5.740; 0.139;
   5.750; 0.139;
   5.760; 0.138;
   5.770; 0.139;
   5.780; 0.138;
   5.790; 0.139;
   5.800; 0.138;
   5.810; 0.140;
   5.820; 0.138;
   5.830; 0.139;
   5.840; 0.138;
   5.850; 0.139;
   5.860; 0.136;
   5.870; 0.138;
   5.880; 0.136;
   5.890; 0.139;
   5.900; 0.138;
   5.910; 0.136;
   5.920; 0.138;
   5.930; 0.139;
   5.940; 0.136;
   5.950; 0.138;
   5.960; 0.136;
   5.970; 0.139;
   5.980; 0.136;
   5.990; 0.139;
   6.000; 0.138;
   6.010; 0.139;
   6.020; 0.138;
   6.030; 0.139;
   6.040; 0.139;
   6.050; 0.139;
   6.060; 0.138;
   6.070; 0.138;
   6.080; 0.138;
   6.090; 0.139;
   6.100; 0.138;
   6.110; 0.139;
   6.120; 0.138;
   6.130; 0.139;
   6.140; 0.138;
   6.150; 0.138;
   6.160; 0.139;
   6.170; 0.139;
   6.180; 0.138;
   6.190; 0.139;
   6.200; 0.138;
   6.210; 0.140;
   6.220; 0.139;
   6.230; 0.139;
   6.240; 0.139;
   6.250; 0.140;
   6.260; 0.139;
   6.270; 0.140;
   6.280; 0.139;
   6.290; 0.141;
   6.300; 0.139;
   6.310; 0.139;
   6.320; 0.139;
   6.330; 0.140;
   6.340; 0.139;
   6.350; 0.139;
   6.360; 0.139;
   6.370; 0.141;
   6.380; 0.139;
   6.390; 0.139;
   6.400; 0.140;
   6.410; 0.140;
   6.420; 0.138;
   6.430; 0.140;
   6.440; 0.139;
   6.450; 0.139;
   6.460; 0.140;
   6.470; 0.140;
   6.480; 0.140;
   6.490; 0.140;
   6.500; 0.139;
   6.510; 0.140;
   6.520; 0.140;
   6.530; 0.140;
   6.540; 0.140;
   6.550; 0.140;
   6.560; 0.139;
   6.570; 0.140;
   6.580; 0.140;
   6.590; 0.140;
   6.600; 0.140;
   6.610; 0.141;
   6.620; 0.139;
   6.630; 0.140;
   6.640; 0.140;
   6.650; 0.140;
   6.660; 0.139;
   6.670; 0.140;
   6.680; 0.140;
   6.690; 0.140;
   6.700; 0.139;
   6.710; 0.140;
   6.720; 0.139;
   6.730; 0.141;
   6.740; 0.139;
   6.750; 0.140;
   6.760; 0.139;
   6.770; 0.141;
   6.780; 0.139;
   6.790; 0.140;
   6.800; 0.140;
   6.810; 0.140;
   6.820; 0.139;
   6.830; 0.140;
   6.840; 0.140;
   6.850; 0.141;
   6.860; 0.139;
   6.870; 0.140;
   6.880; 0.140;
   6.890; 0.141;
   6.900; 0.140;
   6.910; 0.140;
   6.920; 0.139;
   6.930; 0.140;
   6.940; 0.139;
   6.950; 0.140;
   6.960; 0.139;
   6.970; 0.140;
   6.980; 0.139;
   6.990; 0.139;
   7.000; 0.139;
   7.010; 0.140;
   7.020; 0.139;
   7.030; 0.139;
   7.040; 0.139;
   7.050; 0.141;
   7.060; 0.139;
   7.070; 0.140;
   7.080; 0.140;
   7.090; 0.141;
   7.100; 0.139;
   7.110; 0.140;
   7.120; 0.139;
   7.130; 0.141;
   7.140; 0.139;
   7.150; 0.141;
   7.160; 0.141;
   7.170; 0.140;
   7.180; 0.141;
   7.190; 0.142;
   7.200; 0.140;
   7.210; 0.141;
   7.220; 0.140;
   7.230; 0.141;
   7.240; 0.140;
   7.250; 0.142;
   7.260; 0.140;
   7.270; 0.140;
   7.280; 0.140;
   7.290; 0.141;
   7.300; 0.140;
   7.310; 0.140;
   7.320; 0.140;
   7.330; 0.142;
   7.340; 0.140;
   7.350; 0.140;
   7.360; 0.140;
   7.370; 0.141;
   7.380; 0.140;
   7.390; 0.142;
   7.400; 0.141;
   7.410; 0.142;
   7.420; 0.140;
   7.430; 0.142;
   7.440; 0.141;
   7.450; 0.142;
   7.460; 0.141;
   7.470; 0.141;
   7.480; 0.140;
   7.490; 0.141;
   7.500; 0.141;
   7.510; 0.141;
   7.520; 0.140;
   7.530; 0.142;
   7.540; 0.141;
   7.550; 0.142;
   7.560; 0.141;
   7.570; 0.142;
   7.580; 0.141;
   7.590; 0.141;
   7.600; 0.141;
   7.610; 0.144;
   7.620; 0.141;
   7.630; 0.144;
   7.640; 0.142;
   7.650; 0.144;
   7.660; 0.141;
   7.670; 0.144;
   7.680; 0.142;
   7.690; 0.144;
   7.700; 0.142;
   7.710; 0.142;
   7.720; 0.141;
   7.730; 0.144;
   7.740; 0.141;
   7.750; 0.142;
   7.760; 0.142;
   7.770; 0.144;
   7.780; 0.141;
   7.790; 0.144;
   7.800; 0.142;
   7.810; 0.144;
   7.820; 0.142;
   7.830; 0.142;
   7.840; 0.144;
   7.850; 0.144;
   7.860; 0.141;
   7.870; 0.144;
   7.880; 0.141;
   7.890; 0.144;
   7.900; 0.141;
   7.910; 0.141;
   7.920; 0.140;
   7.930; 0.141;
   7.940; 0.140;
   7.950; 0.141;
   7.960; 0.140;
   7.970; 0.141;
   7.980; 0.141;
   7.990; 0.141;
   8.000; 0.141;
   8.010; 0.141;
   8.020; 0.140;
   8.030; 0.141;
   8.040; 0.140;
   8.050; 0.142;
   8.060; 0.141;
   8.070; 0.141;
   8.080; 0.141;
   8.090; 0.144;
   8.100; 0.141;
   8.110; 0.141;
   8.120; 0.140;
   8.130; 0.142;
   8.140; 0.140;
   8.150; 0.141;
   8.160; 0.140;
   8.170; 0.141;
   8.180; 0.140;
   8.190; 0.141;
   8.200; 0.141;
   8.210; 0.141;
   8.220; 0.140;
   8.230; 0.141;
   8.240; 0.140;
   8.250; 0.141;
   8.260; 0.140;
   8.270; 0.141;
   8.280; 0.141;
   8.290; 0.141;
   8.300; 0.140;
   8.310; 0.140;
   8.320; 0.139;
   8.330; 0.141;
   8.340; 0.139;
   8.350; 0.139;
   8.360; 0.139;
   8.370; 0.141;
   8.380; 0.139;
   8.390; 0.140;
   8.400; 0.140;
   8.410; 0.141;
   8.420; 0.139;
   8.430; 0.140;
   8.440; 0.140;
   8.450; 0.141;
   8.460; 0.139;
   8.470; 0.140;
   8.480; 0.139;
   8.490; 0.141;
   8.500; 0.139;
   8.510; 0.139;
   8.520; 0.140;
   8.530; 0.140;
   8.540; 0.139;
   8.550; 0.139;
   8.560; 0.140;
   8.570; 0.141;
   8.580; 0.140;
   8.590; 0.140;
   8.600; 0.140;
   8.610; 0.141;
   8.620; 0.139;
   8.630; 0.140;
   8.640; 0.140;
   8.650; 0.141;
   8.660; 0.138;
   8.670; 0.141;
   8.680; 0.139;
   8.690; 0.141;
   8.700; 0.139;
   8.710; 0.141;
   8.720; 0.140;
   8.730; 0.141;
   8.740; 0.140;
   8.750; 0.141;
   8.760; 0.140;
   8.770; 0.141;
   8.780; 0.141;
   8.790; 0.141;
   8.800; 0.141;
   8.810; 0.141;
   8.820; 0.140;
   8.830; 0.141;
   8.840; 0.140;
   8.850; 0.141;
   8.860; 0.139;
   8.870; 0.141;
   8.880; 0.141;
   8.890; 0.142;
   8.900; 0.141;
   8.910; 0.141;
   8.920; 0.140;
   8.930; 0.141;
   8.940; 0.140;
   8.950; 0.141;
   8.960; 0.141;
   8.970; 0.142;
   8.980; 0.141;
   8.990; 0.141;
   9.000; 0.141;
   9.010; 0.141;
   9.020; 0.141;
   9.030; 0.141;
   9.040; 0.141;
   9.050; 0.142;
   9.060; 0.140;
   9.070; 0.141;
   9.080; 0.141;
   9.090; 0.142;
   9.100; 0.140;
   9.110; 0.141;
   9.120; 0.140;
   9.130; 0.141;
   9.140; 0.140;
   9.150; 0.140;
   9.160; 0.140;
   9.170; 0.141;
   9.180; 0.140;
   9.190; 0.141;
   9.200; 0.140;
   9.210; 0.142;
   9.220; 0.140;
   9.230; 0.141;
   9.240; 0.141;
   9.250; 0.142;
   9.260; 0.140;
   9.270; 0.141;
   9.280; 0.141;
   9.290; 0.142;
   9.300; 0.141;
   9.310; 0.140;
   9.320; 0.140;
   9.330; 0.141;
   9.340; 0.139;
   9.350; 0.141;
   9.360; 0.140;
   9.370; 0.142;
   9.380; 0.140;
   9.390; 0.141;
   9.400; 0.140;
   9.410; 0.141;
   9.420; 0.139;
   9.430; 0.141;
   9.440; 0.140;
   9.450; 0.141;
   9.460; 0.139;
   9.470; 0.141;
   9.480; 0.140;
   9.490; 0.141;
   9.500; 0.140;
   9.510; 0.140;
   9.520; 0.141;
   9.530; 0.141;
   9.540; 0.140;
   9.550; 0.141;
   9.560; 0.140;
   9.570; 0.142;
   9.580; 0.140;
   9.590; 0.141;
   9.600; 0.141;
   9.610; 0.142;
   9.620; 0.141;
   9.630; 0.141;
   9.640; 0.141;
   9.650; 0.144;
   9.660; 0.140;
   9.670; 0.141;
   9.680; 0.142;
   9.690; 0.142;
   9.700; 0.141;
   9.710; 0.141;
   9.720; 0.141;
   9.730; 0.142;
   9.740; 0.140;
   9.750; 0.141;
   9.760; 0.141;
   9.770; 0.141;
   9.780; 0.139;
   9.790; 0.141;
   9.800; 0.140;
   9.810; 0.141;
   9.820; 0.141;
   9.830; 0.142;
   9.840; 0.141;
   9.850; 0.144;
   9.860; 0.140;
   9.870; 0.142;
   9.880; 0.141;
   9.890; 0.144;
   9.900; 0.141;
   9.910; 0.141;
   9.920; 0.141;
   9.930; 0.142;
   9.940; 0.141;
   9.950; 0.142;
   9.960; 0.142;
   9.970; 0.144;
   9.980; 0.142;
   9.990; 0.141;
  10.000; 0.141;
  10.010; 0.144;
  10.020; 0.141;
  10.030; 0.142;
  10.040; 0.141;
  10.050; 0.144;
  10.060; 0.141;
  10.070; 0.141;
  10.080; 0.142;
  10.090; 0.142;
  10.100; 0.141;
  10.110; 0.142;
  10.120; 0.141;
  10.130; 0.142;
  10.140; 0.141;
  10.150; 0.141;
  10.160; 0.141;
  10.170; 0.144;
  10.180; 0.141;
  10.190; 0.142;
  10.200; 0.141;
  10.210; 0.142;
  10.220; 0.140;
  10.230; 0.141;
  10.240; 0.141;
  10.250; 0.141;
  10.260; 0.141;
  10.270; 0.141;
  10.280; 0.142;
  10.290; 0.142;
  10.300; 0.140;
  10.310; 0.141;
  10.320; 0.141;
  10.330; 0.142;
  10.340; 0.140;
  10.350; 0.141;
  10.360; 0.140;
  10.370; 0.141;
  10.380; 0.140;
  10.390; 0.141;
  10.400; 0.141;
  10.410; 0.141;
  10.420; 0.140;
  10.430; 0.141;
  10.440; 0.141;
  10.450; 0.141;
  10.460; 0.141;
  10.470; 0.141;
  10.480; 0.141;
  10.490; 0.142;
  10.500; 0.141;
  10.510; 0.140;
  10.520; 0.140;
  10.530; 0.141;
  10.540; 0.139;
  10.550; 0.140;
  10.560; 0.139;
  10.570; 0.141;
  10.580; 0.140;
  10.590; 0.140;
  10.600; 0.140;
  10.610; 0.142;
  10.620; 0.139;
  10.630; 0.140;
  10.640; 0.141;
  10.650; 0.141;
  10.660; 0.140;
  10.670; 0.140;
  10.680; 0.141;
  10.690; 0.141;
  10.700; 0.140;
  10.710; 0.140;
  10.720; 0.140;
  10.730; 0.141;
  10.740; 0.140;
  10.750; 0.141;
  10.760; 0.140;
  10.770; 0.140;
  10.780; 0.140;
  10.790; 0.141;
  10.800; 0.140;
  10.810; 0.141;
  10.820; 0.139;
  10.830; 0.141;
  10.840; 0.140;
  10.850; 0.141;
  10.860; 0.140;
  10.870; 0.140;
  10.880; 0.141;
  10.890; 0.141;
  10.900; 0.140;
  10.910; 0.141;
  10.920; 0.140;
  10.930; 0.142;
  10.940; 0.140;
  10.950; 0.142;
  10.960; 0.141;
  10.970; 0.142;
  10.980; 0.141;
  10.990; 0.141;
  11.000; 0.141;
  11.010; 0.142;
  11.020; 0.140;
  11.030; 0.141;
  11.040; 0.141;
  11.050; 0.142;
  11.060; 0.141;
  11.070; 0.141;
  11.080; 0.141;
  11.090; 0.142;
  11.100; 0.140;
  11.110; 0.142;
  11.120; 0.140;
  11.130; 0.142;
  11.140; 0.140;
  11.150; 0.141;
  11.160; 0.140;
  11.170; 0.141;
  11.180; 0.140;
  11.190; 0.141;
  11.200; 0.139;
  11.210; 0.142;
  11.220; 0.140;
  11.230; 0.140;
  11.240; 0.140;
  11.250; 0.141;
  11.260; 0.140;
  11.270; 0.141;
  11.280; 0.141;
  11.290; 0.142;
  11.300; 0.141;
  11.310; 0.140;
  11.320; 0.140;
  11.330; 0.141;
  11.340; 0.140;
  11.350; 0.140;
  11.360; 0.139;
  11.370; 0.140;
  11.380; 0.139;
  11.390; 0.140;
  11.400; 0.139;
  11.410; 0.140;
  11.420; 0.139;
  11.430; 0.140;
  11.440; 0.139;
  11.450; 0.140;
  11.460; 0.139;
  11.470; 0.139;
  11.480; 0.139;
  11.490; 0.140;
  11.500; 0.139;
  11.510; 0.139;
  11.520; 0.138;
  11.530; 0.139;
  11.540; 0.138;
  11.550; 0.139;
  11.560; 0.139;
  11.570; 0.139;
  11.580; 0.139;
  11.590; 0.140;
  11.600; 0.139;
  11.610; 0.141;
  11.620; 0.139;
  11.630; 0.140;
  11.640; 0.140;
  11.650; 0.141;
  11.660; 0.140;
  11.670; 0.141;
  11.680; 0.140;
  11.690; 0.141;
  11.700; 0.140;
  11.710; 0.141;
  11.720; 0.140;
  11.730; 0.141;
  11.740; 0.139;
  11.750; 0.141;
  11.760; 0.139;
  11.770; 0.140;
  11.780; 0.139;
  11.790; 0.140;
  11.800; 0.140;
  11.810; 0.140;
  11.820; 0.139;
  11.830; 0.140;
  11.840; 0.139;
  11.850; 0.141;
  11.860; 0.139;
  11.870; 0.139;
  11.880; 0.139;
  11.890; 0.140;
  11.900; 0.139;
  11.910; 0.139;
  11.920; 0.138;
  11.930; 0.140;
  11.940; 0.138;
  11.950; 0.139;
  11.960; 0.139;
  11.970; 0.140;
  11.980; 0.139;
  11.990; 0.139;
  12.000; 0.139;
  12.010; 0.140;
  12.020; 0.139;
  12.030; 0.140;
  12.040; 0.139;
  12.050; 0.141;
  12.060; 0.139;
  12.070; 0.140;
  12.080; 0.140;
  12.090; 0.141;
  12.100; 0.139;
  12.110; 0.141;
  12.120; 0.139;
  12.130; 0.142;
  12.140; 0.140;
  12.150; 0.140;
  12.160; 0.139;
  12.170; 0.140;
  12.180; 0.139;
  12.190; 0.140;
  12.200; 0.139;
  12.210; 0.140;
  12.220; 0.138;
  12.230; 0.139;
  12.240; 0.139;
  12.250; 0.139;
  12.260; 0.138;
  12.270; 0.139;
  12.280; 0.139;
  12.290; 0.139;
  12.300; 0.138;
  12.310; 0.140;
  12.320; 0.139;
  12.330; 0.140;
  12.340; 0.139;
  12.350; 0.139;
  12.360; 0.140;
  12.370; 0.140;
  12.380; 0.139;
  12.390; 0.140;
  12.400; 0.139;
  12.410; 0.140;
  12.420; 0.139;
  12.430; 0.139;
  12.440; 0.139;
  12.450; 0.140;
  12.460; 0.139;
  12.470; 0.140;
  12.480; 0.139;
  12.490; 0.140;
  12.500; 0.138;
  12.510; 0.140;
  12.520; 0.140;
  12.530; 0.142;
  12.540; 0.140;
  12.550; 0.140;
  12.560; 0.139;
  12.570; 0.140;
  12.580; 0.139;
  12.590; 0.140;
  12.600; 0.139;
  12.610; 0.140;
  12.620; 0.139;
  12.630; 0.140;
  12.640; 0.139;
  12.650; 0.141;
  12.660; 0.140;
  12.670; 0.140;
  12.680; 0.139;
  12.690; 0.141;
  12.700; 0.140;
  12.710; 0.141;
  12.720; 0.140;
  12.730; 0.141;
  12.740; 0.139;
  12.750; 0.140;
  12.760; 0.141;
  12.770; 0.141;
  12.780; 0.140;
  12.790; 0.141;
  12.800; 0.141;
  12.810; 0.141;
  12.820; 0.140;
  12.830; 0.141;
  12.840; 0.140;
  12.850; 0.142;
  12.860; 0.140;
  12.870; 0.141;
  12.880; 0.141;
  12.890; 0.142;
  12.900; 0.141;
  12.910; 0.141;
  12.920; 0.141;
  12.930; 0.141;
  12.940; 0.141;
  12.950; 0.141;
  12.960; 0.141;
  12.970; 0.144;
  12.980; 0.141;
  12.990; 0.141;
  13.000; 0.141;
  13.010; 0.142;
  13.020; 0.141;
  13.030; 0.142;
  13.040; 0.142;
  13.050; 0.142;
  13.060; 0.139;
  13.070; 0.141;
  13.080; 0.141;
  13.090; 0.141;
  13.100; 0.141;
  13.110; 0.140;
  13.120; 0.140;
  13.130; 0.141;
  13.140; 0.140;
  13.150; 0.141;
  13.160; 0.140;
  13.170; 0.142;
  13.180; 0.140;
  13.190; 0.141;
  13.200; 0.141;
  13.210; 0.141;
  13.220; 0.139;
  13.230; 0.140;
  13.240; 0.140;
  13.250; 0.141;
  13.260; 0.140;
  13.270; 0.141;
  13.280; 0.140;
  13.290; 0.141;
  13.300; 0.140;
  13.310; 0.140;
  13.320; 0.140;
  13.330; 0.141;
  13.340; 0.140;
  13.350; 0.141;
  13.360; 0.140;
  13.370; 0.141;
  13.380; 0.140;
  13.390; 0.141;
  13.400; 0.141;
  13.410; 0.142;
  13.420; 0.141;
  13.430; 0.141;
  13.440; 0.140;
  13.450; 0.142;
  13.460; 0.140;
  13.470; 0.141;
  13.480; 0.140;
  13.490; 0.142;
  13.500; 0.140;
  13.510; 0.140;
  13.520; 0.140;
  13.530; 0.142;
  13.540; 0.140;
  13.550; 0.141;
  13.560; 0.140;
  13.570; 0.141;
  13.580; 0.140;
  13.590; 0.141;
  13.600; 0.141;
  13.610; 0.141;
  13.620; 0.141;
  13.630; 0.141;
  13.640; 0.141;
  13.650; 0.142;
  13.660; 0.141;
  13.670; 0.141;
  13.680; 0.141;
  13.690; 0.142;
  13.700; 0.140;
  13.710; 0.141;
  13.720; 0.141;
  13.730; 0.142;
  13.740; 0.141;
  13.750; 0.141;
  13.760; 0.141;
  13.770; 0.142;
  13.780; 0.141;
  13.790; 0.142;
  13.800; 0.141;
  13.810; 0.144;
  13.820; 0.141;
  13.830; 0.144;
  13.840; 0.142;
  13.850; 0.144;
  13.860; 0.141;
  13.870; 0.142;
  13.880; 0.141;
  13.890; 0.144;
  13.900; 0.141;
  13.910; 0.142;
  13.920; 0.141;
  13.930; 0.144;
  13.940; 0.141;
  13.950; 0.141;
  13.960; 0.142;
  13.970; 0.144;
  13.980; 0.142;
  13.990; 0.142;
  14.000; 0.142;
  14.010; 0.145;
  14.020; 0.142;
  14.030; 0.145;
  14.040; 0.144;
  14.050; 0.145;
  14.060; 0.142;
  14.070; 0.144;
  14.080; 0.142;
  14.090; 0.144;
  14.100; 0.142;
  14.110; 0.142;
  14.120; 0.141;
  14.130; 0.144;
  14.140; 0.142;
  14.150; 0.144;
  14.160; 0.142;
  14.170; 0.144;
  14.180; 0.142;
  14.190; 0.144;
  14.200; 0.144;
  14.210; 0.144;
  14.220; 0.144;
  14.230; 0.144;
  14.240; 0.142;
  14.250; 0.145;
  14.260; 0.144;
  14.270; 0.144;
  14.280; 0.144;
  14.290; 0.145;
  14.300; 0.142;
  14.310; 0.141;
  14.320; 0.142;
  14.330; 0.144;
  14.340; 0.142;
  14.350; 0.142;
  14.360; 0.141;
  14.370; 0.144;
  14.380; 0.142;
  14.390; 0.144;
  14.400; 0.142;
  14.410; 0.142;
  14.420; 0.140;
  14.430; 0.142;
  14.440; 0.141;
  14.450; 0.144;
  14.460; 0.141;
  14.470; 0.142;
  14.480; 0.140;
  14.490; 0.142;
  14.500; 0.141;
  14.510; 0.141;
  14.520; 0.141;
  14.530; 0.142;
  14.540; 0.141;
  14.550; 0.142;
  14.560; 0.141;
  14.570; 0.141;
  14.580; 0.141;
  14.590; 0.141;
  14.600; 0.140;
  14.610; 0.141;
  14.620; 0.141;
  14.630; 0.141;
  14.640; 0.140;
  14.650; 0.142;
  14.660; 0.140;
  14.670; 0.141;
  14.680; 0.141;
  14.690; 0.142;
  14.700; 0.141;
  14.710; 0.141;
  14.720; 0.141;
  14.730; 0.142;
  14.740; 0.141;
  14.750; 0.142;
  14.760; 0.141;
  14.770; 0.142;
  14.780; 0.141;
  14.790; 0.141;
  14.800; 0.141;
  14.810; 0.142;
  14.820; 0.140;
  14.830; 0.141;
  14.840; 0.141;
  14.850; 0.142;
  14.860; 0.141;
  14.870; 0.141;
  14.880; 0.141;
  14.890; 0.144;
  14.900; 0.141;
  14.910; 0.140;
  14.920; 0.140;
  14.930; 0.142;
  14.940; 0.141;
  14.950; 0.140;
  14.960; 0.141;
  14.970; 0.141;
  14.980; 0.140;
  14.990; 0.141;
  15.000; 0.141;
  15.010; 0.141;
  15.020; 0.140;
  15.030; 0.140;
  15.040; 0.140;
  15.050; 0.141;
  15.060; 0.139;
  15.070; 0.140;
  15.080; 0.140;
  15.090; 0.140;
  15.100; 0.139;
  15.110; 0.139;
  15.120; 0.139;
  15.130; 0.140;
  15.140; 0.139;
  15.150; 0.140;
  15.160; 0.139;
  15.170; 0.141;
  15.180; 0.139;
  15.190; 0.140;
  15.200; 0.140;
  15.210; 0.141;
  15.220; 0.140;
  15.230; 0.140;
  15.240; 0.139;
  15.250; 0.141;
  15.260; 0.140;
  15.270; 0.141;
  15.280; 0.140;
  15.290; 0.141;
  15.300; 0.140;
  15.310; 0.141;
  15.320; 0.140;
  15.330; 0.142;
  15.340; 0.140;
  15.350; 0.141;
  15.360; 0.140;
  15.370; 0.141;
  15.380; 0.140;
  15.390; 0.140;
  15.400; 0.141;
  15.410; 0.141;
  15.420; 0.140;
  15.430; 0.141;
  15.440; 0.140;
  15.450; 0.142;
  15.460; 0.140;
  15.470; 0.141;
  15.480; 0.140;
  15.490; 0.142;
  15.500; 0.139;
  15.510; 0.140;
  15.520; 0.140;
  15.530; 0.141;
  15.540; 0.140;
  15.550; 0.141;
  15.560; 0.140;
  15.570; 0.141;
  15.580; 0.139;
  15.590; 0.141;
  15.600; 0.140;
  15.610; 0.141;
  15.620; 0.140;
  15.630; 0.141;
  15.640; 0.140;
  15.650; 0.141;
  15.660; 0.141;
  15.670; 0.141;
  15.680; 0.141;
  15.690; 0.141;
  15.700; 0.141;
  15.710; 0.141;
  15.720; 0.140;
  15.730; 0.141;
  15.740; 0.140;
  15.750; 0.141;
  15.760; 0.141;
  15.770; 0.141;
  15.780; 0.141;
  15.790; 0.142;
  15.800; 0.141;
  15.810; 0.141;
  15.820; 0.139;
  15.830; 0.141;
  15.840; 0.140;
  15.850; 0.142;
  15.860; 0.139;
  15.870; 0.141;
  15.880; 0.140;
  15.890; 0.141;
  15.900; 0.140;
  15.910; 0.141;
  15.920; 0.140;
  15.930; 0.141;
  15.940; 0.139;
  15.950; 0.140;
  15.960; 0.140;
  15.970; 0.141;
  15.980; 0.139;
  15.990; 0.140;
  16.000; 0.140;
  16.010; 0.141;
  16.020; 0.139;
  16.030; 0.140;
  16.040; 0.140;
  16.050; 0.141;
  16.060; 0.139;
  16.070; 0.140;
  16.080; 0.140;
  16.090; 0.141;
  16.100; 0.139;
  16.110; 0.140;
  16.120; 0.139;
  16.130; 0.140;
  16.140; 0.139;
  16.150; 0.139;
  16.160; 0.140;
  16.170; 0.141;
  16.180; 0.140;
  16.190; 0.140;
  16.200; 0.139;
  16.210; 0.141;
  16.220; 0.139;
  16.230; 0.140;
  16.240; 0.139;
  16.250; 0.141;
  16.260; 0.139;
  16.270; 0.139;
  16.280; 0.139;
  16.290; 0.140;
  16.300; 0.139;
  16.310; 0.139;
  16.320; 0.139;
  16.330; 0.141;
  16.340; 0.139;
  16.350; 0.140;
  16.360; 0.139;
  16.370; 0.140;
  16.380; 0.138;
  16.390; 0.140;
  16.400; 0.139;
  16.410; 0.140;
  16.420; 0.139;
  16.430; 0.140;
  16.440; 0.139;
  16.450; 0.141;
  16.460; 0.139;
  16.470; 0.140;
  16.480; 0.139;
  16.490; 0.140;
  16.500; 0.139;
  16.510; 0.140;
  16.520; 0.140;
  16.530; 0.141;
  16.540; 0.140;
  16.550; 0.140;
  16.560; 0.140;
  16.570; 0.141;
  16.580; 0.140;
  16.590; 0.141;
  16.600; 0.140;
  16.610; 0.140;
  16.620; 0.139;
  16.630; 0.140;
  16.640; 0.139;
  16.650; 0.140;
  16.660; 0.139;
  16.670; 0.139;
  16.680; 0.139;
  16.690; 0.140;
  16.700; 0.139;
  16.710; 0.139;
  16.720; 0.139;
  16.730; 0.140;
  16.740; 0.139;
  16.750; 0.138;
  16.760; 0.138;
  16.770; 0.140;
  16.780; 0.138;
  16.790; 0.138;
  16.800; 0.139;
  16.810; 0.139;
  16.820; 0.138;
  16.830; 0.139;
  16.840; 0.138;
  16.850; 0.140;
  16.860; 0.138;
  16.870; 0.139;
  16.880; 0.138;
  16.890; 0.140;
  16.900; 0.138;
  16.910; 0.139;
  16.920; 0.139;
  16.930; 0.140;
  16.940; 0.138;
  16.950; 0.139;
  16.960; 0.138;
  16.970; 0.140;
  16.980; 0.139;
  16.990; 0.139;
  17.000; 0.139;
  17.010; 0.141;
  17.020; 0.138;
  17.030; 0.139;
  17.040; 0.139;
  17.050; 0.140;
  17.060; 0.139;
  17.070; 0.140;
  17.080; 0.140;
  17.090; 0.141;
  17.100; 0.139;
  17.110; 0.139;
  17.120; 0.139;
  17.130; 0.140;
  17.140; 0.138;
  17.150; 0.139;
  17.160; 0.138;
  17.170; 0.140;
  17.180; 0.138;
  17.190; 0.139;
  17.200; 0.138;
  17.210; 0.139;
  17.220; 0.138;
  17.230; 0.139;
  17.240; 0.138;
  17.250; 0.140;
  17.260; 0.138;
  17.270; 0.139;
  17.280; 0.138;
  17.290; 0.139;
  17.300; 0.139;
  17.310; 0.138;
  17.320; 0.139;
  17.330; 0.140;
  17.340; 0.138;
  17.350; 0.139;
  17.360; 0.138;
  17.370; 0.140;
  17.380; 0.139;
  17.390; 0.139;
  17.400; 0.139;
  17.410; 0.140;
  17.420; 0.139;
  17.430; 0.139;
  17.440; 0.140;
  17.450; 0.141;
  17.460; 0.139;
  17.470; 0.139;
  17.480; 0.139;
  17.490; 0.140;
  17.500; 0.139;
  17.510; 0.140;
  17.520; 0.139;
  17.530; 0.140;
  17.540; 0.139;
  17.550; 0.140;
  17.560; 0.139;
  17.570; 0.140;
  17.580; 0.139;
  17.590; 0.139;
  17.600; 0.139;
  17.610; 0.140;
  17.620; 0.138;
  17.630; 0.139;
  17.640; 0.139;
  17.650; 0.140;
  17.660; 0.138;
  17.670; 0.139;
  17.680; 0.138;
  17.690; 0.139;
  17.700; 0.138;
  17.710; 0.140;
  17.720; 0.139;
  17.730; 0.140;
  17.740; 0.138;
  17.750; 0.139;
  17.760; 0.139;
  17.770; 0.140;
  17.780; 0.139;
  17.790; 0.140;
  17.800; 0.139;
  17.810; 0.140;
  17.820; 0.139;
  17.830; 0.140;
  17.840; 0.140;
  17.850; 0.141;
  17.860; 0.139;
  17.870; 0.140;
  17.880; 0.139;
  17.890; 0.141;
  17.900; 0.140;
  17.910; 0.139;
  17.920; 0.138;
  17.930; 0.140;
  17.940; 0.139;
  17.950; 0.139;
  17.960; 0.138;
  17.970; 0.139;
  17.980; 0.138;
  17.990; 0.139;
  18.000; 0.139;
  18.010; 0.139;
  18.020; 0.136;
  18.030; 0.138;
  18.040; 0.138;
  18.050; 0.139;
  18.060; 0.139;
  18.070; 0.139;
  18.080; 0.139;
  18.090; 0.139;
  18.100; 0.138;
  18.110; 0.139;
  18.120; 0.139;
  18.130; 0.140;
  18.140; 0.139;
  18.150; 0.140;
  18.160; 0.139;
  18.170; 0.141;
  18.180; 0.139;
  18.190; 0.140;
  18.200; 0.140;
  18.210; 0.140;
  18.220; 0.139;
  18.230; 0.141;
  18.240; 0.139;
  18.250; 0.141;
  18.260; 0.140;
  18.270; 0.140;
  18.280; 0.139;
  18.290; 0.141;
  18.300; 0.139;
  18.310; 0.140;
  18.320; 0.139;
  18.330; 0.141;
  18.340; 0.139;
  18.350; 0.140;
  18.360; 0.140;
  18.370; 0.141;
  18.380; 0.140;
  18.390; 0.140;
  18.400; 0.140;
  18.410; 0.140;
  18.420; 0.139;
  18.430; 0.139;
  18.440; 0.139;
  18.450; 0.141;
  18.460; 0.138;
  18.470; 0.139;
  18.480; 0.139;
  18.490; 0.140;
  18.500; 0.139;
  18.510; 0.139;
  18.520; 0.139;
  18.530; 0.141;
  18.540; 0.139;
  18.550; 0.139;
  18.560; 0.139;
  18.570; 0.140;
  18.580; 0.139;
  18.590; 0.139;
  18.600; 0.139;
  18.610; 0.140;
  18.620; 0.139;
  18.630; 0.140;
  18.640; 0.139;
  18.650; 0.141;
  18.660; 0.139;
  18.670; 0.140;
  18.680; 0.139;
  18.690; 0.141;
  18.700; 0.139;
  18.710; 0.140;
  18.720; 0.140;
  18.730; 0.141;
  18.740; 0.139;
  18.750; 0.140;
  18.760; 0.139;
  18.770; 0.141;
  18.780; 0.139;
  18.790; 0.140;
  18.800; 0.141;
  18.810; 0.141;
  18.820; 0.140;
  18.830; 0.142;
  18.840; 0.141;
  18.850; 0.140;
  18.860; 0.139;
  18.870; 0.140;
  18.880; 0.141;
  18.890; 0.141;
  18.900; 0.140;
  18.910; 0.141;
  18.920; 0.140;
  18.930; 0.142;
  18.940; 0.140;
  18.950; 0.141;
  18.960; 0.141;
  18.970; 0.142;
  18.980; 0.141;
  18.990; 0.141;
  19.000; 0.141;
  19.010; 0.144;
  19.020; 0.140;
  19.030; 0.142;
  19.040; 0.141;
  19.050; 0.144;
  19.060; 0.141;
  19.070; 0.141;
  19.080; 0.140;
  19.090; 0.142;
  19.100; 0.140;
  19.110; 0.141;
  19.120; 0.141;
  19.130; 0.142;
  19.140; 0.140;
  19.150; 0.141;
  19.160; 0.141;
  19.170; 0.142;
  19.180; 0.140;
  19.190; 0.141;
  19.200; 0.141;
  19.210; 0.142;
  19.220; 0.141;
  19.230; 0.141;
  19.240; 0.141;
  19.250; 0.142;
  19.260; 0.140;
  19.270; 0.140;
  19.280; 0.140;
  19.290; 0.141;
  19.300; 0.140;
  19.310; 0.140;
  19.320; 0.139;
  19.330; 0.142;
  19.340; 0.139;
  19.350; 0.141;
  19.360; 0.140;
  19.370; 0.141;
  19.380; 0.139;
  19.390; 0.140;
  19.400; 0.140;
  19.410; 0.142;
  19.420; 0.140;
  19.430; 0.141;
  19.440; 0.141;
  19.450; 0.142;
  19.460; 0.141;
  19.470; 0.141;
  19.480; 0.140;
  19.490; 0.142;
  19.500; 0.140;
  19.510; 0.140;
  19.520; 0.140;
  19.530; 0.142;
  19.540; 0.140;
  19.550; 0.141;
  19.560; 0.140;
  19.570; 0.142;
  19.580; 0.140;
  19.590; 0.141;
  19.600; 0.140;
  19.610; 0.140;
  19.620; 0.139;
  19.630; 0.140;
  19.640; 0.140;
  19.650; 0.141;
  19.660; 0.139;
  19.670; 0.140;
  19.680; 0.139;
  19.690; 0.141;
  19.700; 0.139;
  19.710; 0.141;
  19.720; 0.140;
  19.730; 0.141;
  19.740; 0.140;
  19.750; 0.141;
  19.760; 0.141;
  19.770; 0.142;
  19.780; 0.140;
  19.790; 0.141;
  19.800; 0.141;
  19.810; 0.142;
  19.820; 0.140;
  19.830; 0.141;
  19.840; 0.141;
  19.850; 0.142;
  19.860; 0.141;
  19.870; 0.141;
  19.880; 0.140;
  19.890; 0.142;
  19.900; 0.141;
  19.910; 0.141;
  19.920; 0.140;
  19.930; 0.141;
  19.940; 0.140;
  19.950; 0.141;
  19.960; 0.141;
  19.970; 0.142;
  19.980; 0.140;
  19.990; 0.141;
  20.000; 0.141;
  20.010; 0.142;
  20.020; 0.140;
  20.030; 0.142;
  20.040; 0.141;
  20.050; 0.142;
  20.060; 0.140;
  20.070; 0.141;
  20.080; 0.140;
  20.090; 0.142;
  20.100; 0.141;
  20.110; 0.140;
  20.120; 0.140;
  20.130; 0.142;
  20.140; 0.141;
  20.150; 0.141;
  20.160; 0.139;
  20.170; 0.140;
  20.180; 0.139;
  20.190; 0.141;
  20.200; 0.139;
  20.210; 0.140;
  20.220; 0.139;
  20.230; 0.139;
  20.240; 0.140;
  20.250; 0.141;
  20.260; 0.139;
  20.270; 0.139;
  20.280; 0.139;
  20.290; 0.139;
  20.300; 0.139;
  20.310; 0.139;
  20.320; 0.138;
  20.330; 0.140;
  20.340; 0.139;
  20.350; 0.139;
  20.360; 0.139;
  20.370; 0.141;
  20.380; 0.139;
  20.390; 0.140;
  20.400; 0.139;
  20.410; 0.140;
  20.420; 0.139;
  20.430; 0.139;
  20.440; 0.140;
  20.450; 0.140;
  20.460; 0.139;
  20.470; 0.140;
  20.480; 0.140;
  20.490; 0.141;
  20.500; 0.140;
  20.510; 0.141;
  20.520; 0.140;
  20.530; 0.141;
  20.540; 0.140;
  20.550; 0.141;
  20.560; 0.139;
  20.570; 0.141;
  20.580; 0.139;
  20.590; 0.139;
  20.600; 0.140;
  20.610; 0.141;
  20.620; 0.140;
  20.630; 0.141;
  20.640; 0.140;
  20.650; 0.141;
  20.660; 0.140;
  20.670; 0.141;
  20.680; 0.140;
  20.690; 0.141;
  20.700; 0.140;
  20.710; 0.141;
  20.720; 0.141;
  20.730; 0.142;
  20.740; 0.140;
  20.750; 0.141;
  20.760; 0.140;
  20.770; 0.141;
  20.780; 0.140;
  20.790; 0.140;
  20.800; 0.140;
  20.810; 0.140;
  20.820; 0.138;
  20.830; 0.139;
  20.840; 0.139;
  20.850; 0.140;
  20.860; 0.139;
  20.870; 0.141;
  20.880; 0.140;
  20.890; 0.141;
  20.900; 0.140;
  20.910; 0.140;
  20.920; 0.140;
  20.930; 0.141;
  20.940; 0.140;
  20.950; 0.140;
  20.960; 0.140;
  20.970; 0.141;
  20.980; 0.140;
  20.990; 0.140;
  21.000; 0.139;
  21.010; 0.141;
  21.020; 0.140;
  21.030; 0.140;
  21.040; 0.140;
  21.050; 0.142;
  21.060; 0.139;
  21.070; 0.139;
  21.080; 0.140;
  21.090; 0.141;
  21.100; 0.139;
  21.110; 0.139;
  21.120; 0.139;
  21.130; 0.140;
  21.140; 0.139;
  21.150; 0.140;
  21.160; 0.139;
  21.170; 0.141;
  21.180; 0.139;
  21.190; 0.140;
  21.200; 0.139;
  21.210; 0.140;
  21.220; 0.139;
  21.230; 0.140;
  21.240; 0.139;
  21.250; 0.141;
  21.260; 0.139;
  21.270; 0.140;
  21.280; 0.140;
  21.290; 0.141;
  21.300; 0.140;
  21.310; 0.140;
  21.320; 0.140;
  21.330; 0.141;
  21.340; 0.139;
  21.350; 0.140;
  21.360; 0.139;
  21.370; 0.140;
  21.380; 0.139;
  21.390; 0.140;
  21.400; 0.139;
  21.410; 0.140;
  21.420; 0.139;
  21.430; 0.139;
  21.440; 0.139;
  21.450; 0.141;
  21.460; 0.139;
  21.470; 0.139;
  21.480; 0.139;
  21.490; 0.141;
  21.500; 0.138;
  21.510; 0.138;
  21.520; 0.138;
  21.530; 0.139;
  21.540; 0.138;
  21.550; 0.139;
  21.560; 0.138;
  21.570; 0.139;
  21.580; 0.138;
  21.590; 0.138;
  21.600; 0.138;
  21.610; 0.139;
  21.620; 0.138;
  21.630; 0.139;
  21.640; 0.139;
  21.650; 0.140;
  21.660; 0.138;
  21.670; 0.139;
  21.680; 0.139;
  21.690; 0.139;
  21.700; 0.138;
  21.710; 0.139;
  21.720; 0.138;
  21.730; 0.140;
  21.740; 0.138;
  21.750; 0.139;
  21.760; 0.138;
  21.770; 0.139;
  21.780; 0.138;
  21.790; 0.139;
  21.800; 0.139;
  21.810; 0.140;
  21.820; 0.138;
  21.830; 0.140;
  21.840; 0.139;
  21.850; 0.140;
  21.860; 0.139;
  21.870; 0.139;
  21.880; 0.139;
  21.890; 0.140;
  21.900; 0.139;
  21.910; 0.140;
  21.920; 0.141;
  21.930; 0.141;
  21.940; 0.140;
  21.950; 0.140;
  21.960; 0.140;
  21.970; 0.141;
  21.980; 0.139;
  21.990; 0.140;
  22.000; 0.140;
  22.010; 0.140;
  22.020; 0.139;
  22.030; 0.140;
  22.040; 0.139;
  22.050; 0.141;
  22.060; 0.139;
  22.070; 0.140;
  22.080; 0.140;
  22.090; 0.141;
  22.100; 0.140;
  22.110; 0.141;
  22.120; 0.140;
  22.130; 0.141;
  22.140; 0.140;
  22.150; 0.141;
  22.160; 0.139;
  22.170; 0.141;
  22.180; 0.139;
  22.190; 0.140;
  22.200; 0.140;
  22.210; 0.140;
  22.220; 0.139;
  22.230; 0.140;
  22.240; 0.140;
  22.250; 0.141;
  22.260; 0.139;
  22.270; 0.139;
  22.280; 0.141;
  22.290; 0.141;
  22.300; 0.139;
  22.310; 0.139;
  22.320; 0.139;
  22.330; 0.140;
  22.340; 0.139;
  22.350; 0.141;
  22.360; 0.139;
  22.370; 0.140;
  22.380; 0.139;
  22.390; 0.139;
  22.400; 0.139;
  22.410; 0.141;
  22.420; 0.139;
  22.430; 0.139;
  22.440; 0.140;
  22.450; 0.140;
  22.460; 0.139;
  22.470; 0.140;
  22.480; 0.140;
  22.490; 0.141;
  22.500; 0.139;
  22.510; 0.140;
  22.520; 0.139;
  22.530; 0.141;
  22.540; 0.139;
  22.550; 0.140;
  22.560; 0.140;
  22.570; 0.140;
  22.580; 0.139;
  22.590; 0.140;
  22.600; 0.140;
  22.610; 0.140;
  22.620; 0.139;
  22.630; 0.139;
  22.640; 0.140;
  22.650; 0.140;
  22.660; 0.139;
  22.670; 0.139;
  22.680; 0.139;
  22.690; 0.141;
  22.700; 0.139;
  22.710; 0.140;
  22.720; 0.140;
  22.730; 0.141;
  22.740; 0.140;
  22.750; 0.140;
  22.760; 0.140;
  22.770; 0.142;
  22.780; 0.140;
  22.790; 0.141;
  22.800; 0.141;
  22.810; 0.141;
  22.820; 0.141;
  22.830; 0.141;
  22.840; 0.141;
  22.850; 0.142;
  22.860; 0.141;
  22.870; 0.141;
  22.880; 0.141;
  22.890; 0.142;
  22.900; 0.141;
  22.910; 0.141;
  22.920; 0.141;
  22.930; 0.141;
  22.940; 0.141;
  22.950; 0.141;
  22.960; 0.141;
  22.970; 0.142;
  22.980; 0.140;
  22.990; 0.141;
  23.000; 0.141;
  23.010; 0.142;
  23.020; 0.140;
  23.030; 0.141;
  23.040; 0.140;
  23.050; 0.142;
  23.060; 0.140;
  23.070; 0.142;
  23.080; 0.141;
  23.090; 0.142;
  23.100; 0.141;
  23.110; 0.142;
  23.120; 0.141;
  23.130; 0.142;
  23.140; 0.141;
  23.150; 0.141;
  23.160; 0.139;
  23.170; 0.142;
  23.180; 0.139;
  23.190; 0.141;
  23.200; 0.140;
  23.210; 0.142;
  23.220; 0.141;
  23.230; 0.141;
  23.240; 0.141;
  23.250; 0.142;
  23.260; 0.141;
  23.270; 0.141;
  23.280; 0.141;
  23.290; 0.144;
  23.300; 0.141;
  23.310; 0.139;
  23.320; 0.139;
  23.330; 0.141;
  23.340; 0.139;
  23.350; 0.140;
  23.360; 0.140;
  23.370; 0.142;
  23.380; 0.140;
  23.390; 0.141;
  23.400; 0.140;
  23.410; 0.141;
  23.420; 0.140;
  23.430; 0.141;
  23.440; 0.141;
  23.450; 0.142;
  23.460; 0.140;
  23.470; 0.141;
  23.480; 0.141;
  23.490; 0.142;
  23.500; 0.140;
  23.510; 0.141;
  23.520; 0.141;
  23.530; 0.142;
  23.540; 0.141;
  23.550; 0.141;
  23.560; 0.140;
  23.570; 0.142;
  23.580; 0.140;
  23.590; 0.141;
  23.600; 0.140;
  23.610; 0.141;
  23.620; 0.139;
  23.630; 0.139;
  23.640; 0.140;
  23.650; 0.141;
  23.660; 0.139;
  23.670; 0.139;
  23.680; 0.139;
  23.690; 0.140;
  23.700; 0.139;
  23.710; 0.139;
  23.720; 0.139;
  23.730; 0.140;
  23.740; 0.138;
  23.750; 0.140;
  23.760; 0.138;
  23.770; 0.139;
  23.780; 0.138;
  23.790; 0.138;
  23.800; 0.138;
  23.810; 0.139;
  23.820; 0.136;
  23.830; 0.139;
  23.840; 0.138;
  23.850; 0.140;
  23.860; 0.138;
  23.870; 0.139;
  23.880; 0.139;
  23.890; 0.139;
  23.900; 0.138;
  23.910; 0.139;
  23.920; 0.139;
  23.930; 0.139;
  23.940; 0.139;
  23.950; 0.139;
  23.960; 0.139;
  23.970; 0.139;
  23.980; 0.139;
  23.990; 0.139;
  24.000; 0.139;
  24.010; 0.140;
  24.020; 0.138;
  24.030; 0.140;
  24.040; 0.139;
  24.050; 0.140;
  24.060; 0.139;
  24.070; 0.140;
  24.080; 0.139;
  24.090; 0.140;
  24.100; 0.139;
  24.110; 0.140;
  24.120; 0.139;
  24.130; 0.140;
  24.140; 0.139;
  24.150; 0.140;
  24.160; 0.139;
  24.170; 0.140;
  24.180; 0.139;
  24.190; 0.140;
  24.200; 0.139;
  24.210; 0.140;
  24.220; 0.139;
  24.230; 0.140;
  24.240; 0.139;
  24.250; 0.141;
  24.260; 0.139;
  24.270; 0.139;
  24.280; 0.139;
  24.290; 0.140;
  24.300; 0.139;
  24.310; 0.140;
  24.320; 0.139;
  24.330; 0.141;
  24.340; 0.139;
  24.350; 0.140;
  24.360; 0.139;
  24.370; 0.141;
  24.380; 0.139;
  24.390; 0.140;
  24.400; 0.140;
  24.410; 0.140;
  24.420; 0.140;
  24.430; 0.139;
  24.440; 0.139;
  24.450; 0.141;
  24.460; 0.138;
  24.470; 0.140;
  24.480; 0.139;
  24.490; 0.140;
  24.500; 0.139;
  24.510; 0.140;
  24.520; 0.138;
  24.530; 0.141;
  24.540; 0.138;
  24.550; 0.139;
  24.560; 0.139;
  24.570; 0.140;
  24.580; 0.139;
  24.590; 0.140;
  24.600; 0.141;
  24.610; 0.140;
  24.620; 0.139;
  24.630; 0.140;
  24.640; 0.140;
  24.650; 0.141;
  24.660; 0.140;
  24.670; 0.140;
  24.680; 0.140;
  24.690; 0.141;
  24.700; 0.140;
  24.710; 0.140;
  24.720; 0.140;
  24.730; 0.141;
  24.740; 0.139;
  24.750; 0.140;
  24.760; 0.140;
  24.770; 0.141;
  24.780; 0.139;
  24.790; 0.141;
  24.800; 0.139;
  24.810; 0.141;
  24.820; 0.139;
  24.830; 0.140;
  24.840; 0.140;
  24.850; 0.141;
  24.860; 0.140;
  24.870; 0.141;
  24.880; 0.140;
  24.890; 0.141;
  24.900; 0.139;
  24.910; 0.141;
  24.920; 0.140;
  24.930; 0.141;
  24.940; 0.140;
  24.950; 0.141;
  24.960; 0.140;
  24.970; 0.141;
  24.980; 0.139;
  24.990; 0.140;
  25.000; 0.140;
  25.010; 0.141;
  25.020; 0.139;
  25.030; 0.140;
  25.040; 0.140;
  25.050; 0.140;
  25.060; 0.140;
  25.070; 0.140;
  25.080; 0.140;
  25.090; 0.141;
  25.100; 0.140;
  25.110; 0.141;
  25.120; 0.141;
  25.130; 0.142;
  25.140; 0.141;
  25.150; 0.142;
  25.160; 0.140;
  25.170; 0.144;
  25.180; 0.140;
  25.190; 0.141;
  25.200; 0.142;
  25.210; 0.142;
  25.220; 0.139;
  25.230; 0.141;
  25.240; 0.141;
  25.250; 0.141;
  25.260; 0.141;
  25.270; 0.140;
  25.280; 0.140;
  25.290; 0.141;
  25.300; 0.141;
  25.310; 0.140;
  25.320; 0.140;
  25.330; 0.141;
  25.340; 0.141;
  25.350; 0.141;
  25.360; 0.140;
  25.370; 0.141;
  25.380; 0.141;
  25.390; 0.141;
  25.400; 0.141;
  25.410; 0.142;
  25.420; 0.140;
  25.430; 0.141;
  25.440; 0.140;
  25.450; 0.142;
  25.460; 0.140;
  25.470; 0.141;
  25.480; 0.140;
  25.490; 0.141;
  25.500; 0.140;
  25.510; 0.141;
  25.520; 0.140;
  25.530; 0.142;
  25.540; 0.140;
  25.550; 0.141;
  25.560; 0.140;
  25.570; 0.141;
  25.580; 0.140;
  25.590; 0.141;
  25.600; 0.140;
  25.610; 0.144;
  25.620; 0.141;
  25.630; 0.141;
  25.640; 0.141;
  25.650; 0.142;
  25.660; 0.141;
  25.670; 0.142;
  25.680; 0.141;
  25.690; 0.142;
  25.700; 0.141;
  25.710; 0.141;
  25.720; 0.140;
  25.730; 0.141;
  25.740; 0.140;
  25.750; 0.141;
  25.760; 0.141;
  25.770; 0.142;
  25.780; 0.141;
  25.790; 0.141;
  25.800; 0.141;
  25.810; 0.142;
  25.820; 0.141;
  25.830; 0.141;
  25.840; 0.141;
  25.850; 0.142;
  25.860; 0.141;
  25.870; 0.142;
  25.880; 0.141;
  25.890; 0.142;
  25.900; 0.141;
  25.910; 0.142;
  25.920; 0.141;
  25.930; 0.142;
  25.940; 0.141;
  25.950; 0.142;
  25.960; 0.142;
  25.970; 0.144;
  25.980; 0.141;
  25.990; 0.142;
  26.000; 0.142;
  26.010; 0.142;
  26.020; 0.141;
  26.030; 0.141;
  26.040; 0.142;
  26.050; 0.142;
  26.060; 0.140;
  26.070; 0.141;
  26.080; 0.141;
  26.090; 0.142;
  26.100; 0.141;
  26.110; 0.141;
  26.120; 0.141;
  26.130; 0.142;
  26.140; 0.141;
  26.150; 0.141;
  26.160; 0.139;
  26.170; 0.141;
  26.180; 0.139;
  26.190; 0.141;
  26.200; 0.139;
  26.210; 0.142;
  26.220; 0.140;
  26.230; 0.141;
  26.240; 0.141;
  26.250; 0.141;
  26.260; 0.139;
  26.270; 0.140;
  26.280; 0.140;
  26.290; 0.141;
  26.300; 0.140;
  26.310; 0.140;
  26.320; 0.140;
  26.330; 0.141;
  26.340; 0.140;
  26.350; 0.141;
  26.360; 0.141;
  26.370; 0.142;
  26.380; 0.140;
  26.390; 0.141;
  26.400; 0.141;
  26.410; 0.141;
  26.420; 0.141;
  26.430; 0.141;
  26.440; 0.142;
  26.450; 0.144;
  26.460; 0.141;
  26.470; 0.141;
  26.480; 0.141;
  26.490; 0.144;
  26.500; 0.141;
  26.510; 0.141;
  26.520; 0.141;
  26.530; 0.142;
  26.540; 0.141;
  26.550; 0.141;
  26.560; 0.140;
  26.570; 0.142;
  26.580; 0.141;
  26.590; 0.141;
  26.600; 0.140;
  26.610; 0.142;
  26.620; 0.141;
  26.630; 0.142;
  26.640; 0.141;
  26.650; 0.144;
  26.660; 0.140;
  26.670; 0.141;
  26.680; 0.141;
  26.690; 0.142;
  26.700; 0.140;
  26.710; 0.141;
  26.720; 0.140;
  26.730; 0.141;
  26.740; 0.141;
  26.750; 0.141;
  26.760; 0.140;
  26.770; 0.141;
  26.780; 0.140;
  26.790; 0.141;
  26.800; 0.140;
  26.810; 0.141;
  26.820; 0.141;
  26.830; 0.141;
  26.840; 0.141;
  26.850; 0.142;
  26.860; 0.139;
  26.870; 0.141;
  26.880; 0.140;
  26.890; 0.141;
  26.900; 0.140;
  26.910; 0.140;
  26.920; 0.139;
  26.930; 0.141;
  26.940; 0.140;
  26.950; 0.141;
  26.960; 0.140;
  26.970; 0.141;
  26.980; 0.140;
  26.990; 0.141;
  27.000; 0.140;
  27.010; 0.142;
  27.020; 0.141;
  27.030; 0.141;
  27.040; 0.141;
  27.050; 0.142;
  27.060; 0.141;
  27.070; 0.142;
  27.080; 0.142;
  27.090; 0.144;
  27.100; 0.141;
  27.110; 0.142;
  27.120; 0.141;
  27.130; 0.142;
  27.140; 0.141;
  27.150; 0.142;
  27.160; 0.141;
  27.170; 0.142;
  27.180; 0.140;
  27.190; 0.142;
  27.200; 0.141;
  27.210; 0.141;
  27.220; 0.140;
  27.230; 0.141;
  27.240; 0.140;
  27.250; 0.142;
  27.260; 0.139;
  27.270; 0.140;
  27.280; 0.139;
  27.290; 0.141;
  27.300; 0.139;
  27.310; 0.142;
  27.320; 0.141;
  27.330; 0.142;
  27.340; 0.141;
  27.350; 0.142;
  27.360; 0.142;
  27.370; 0.142;
  27.380; 0.141;
  27.390; 0.144;
  27.400; 0.142;
  27.410; 0.142;
  27.420; 0.141;
  27.430; 0.144;
  27.440; 0.142;
  27.450; 0.144;
  27.460; 0.142;
  27.470; 0.142;
  27.480; 0.144;
  27.490; 0.145;
  27.500; 0.142;
  27.510; 0.144;
  27.520; 0.142;
  27.530; 0.144;
  27.540; 0.142;
  27.550; 0.144;
  27.560; 0.142;
  27.570; 0.142;
  27.580; 0.141;
  27.590; 0.142;
  27.600; 0.142;
  27.610; 0.144;
  27.620; 0.141;
  27.630; 0.142;
  27.640; 0.142;
  27.650; 0.144;
  27.660; 0.141;
  27.670; 0.142;
  27.680; 0.142;
  27.690; 0.145;
  27.700; 0.141;
  27.710; 0.144;
  27.720; 0.142;
  27.730; 0.144;
  27.740; 0.142;
  27.750; 0.144;
  27.760; 0.142;
  27.770; 0.144;
  27.780; 0.142;
  27.790; 0.144;
  27.800; 0.144;
  27.810; 0.144;
  27.820; 0.142;
  27.830; 0.142;
  27.840; 0.142;
  27.850; 0.144;
  27.860; 0.142;
  27.870; 0.142;
  27.880; 0.142;
  27.890; 0.144;
  27.900; 0.141;
  27.910; 0.142;
  27.920; 0.142;
  27.930; 0.144;
  27.940; 0.142;
  27.950; 0.144;
  27.960; 0.142;
  27.970; 0.144;
  27.980; 0.142;
  27.990; 0.144;
  28.000; 0.142;
  28.010; 0.144;
  28.020; 0.142;
  28.030; 0.142;
  28.040; 0.141;
  28.050; 0.144;
  28.060; 0.142;
  28.070; 0.142;
  28.080; 0.142;
  28.090; 0.144;
  28.100; 0.142;
  28.110; 0.142;
  28.120; 0.144;
  28.130; 0.144;
  28.140; 0.142;
  28.150; 0.144;
  28.160; 0.141;
  28.170; 0.144;
  28.180; 0.142;
  28.190; 0.142;
  28.200; 0.142;
  28.210; 0.144;
  28.220; 0.141;
  28.230; 0.142;
  28.240; 0.142;
  28.250; 0.144;
  28.260; 0.141;
  28.270; 0.142;
  28.280; 0.142;
  28.290; 0.144;
  28.300; 0.142;
  28.310; 0.142;
  28.320; 0.142;
  28.330; 0.144;
  28.340; 0.142;
  28.350; 0.142;
  28.360; 0.142;
  28.370; 0.144;
  28.380; 0.142;
  28.390; 0.142;
  28.400; 0.142;
  28.410; 0.142;
  28.420; 0.141;
  28.430; 0.141;
  28.440; 0.141;
  28.450; 0.142;
  28.460; 0.141;
  28.470; 0.142;
  28.480; 0.141;
  28.490; 0.142;
  28.500; 0.140;
  28.510; 0.141;
  28.520; 0.141;
  28.530; 0.142;
  28.540; 0.141;
  28.550; 0.141;
  28.560; 0.139;
  28.570; 0.142;
  28.580; 0.139;
  28.590; 0.141;
  28.600; 0.140;
  28.610; 0.142;
  28.620; 0.140;
  28.630; 0.142;
  28.640; 0.139;
  28.650; 0.140;
  28.660; 0.139;
  28.670; 0.140;
  28.680; 0.139;
  28.690; 0.141;
  28.700; 0.139;
  28.710; 0.140;
  28.720; 0.140;
  28.730; 0.140;
  28.740; 0.139;
  28.750; 0.140;
  28.760; 0.139;
  28.770; 0.140;
  28.780; 0.140;
  28.790; 0.139;
  28.800; 0.139;
  28.810; 0.140;
  28.820; 0.139;
  28.830; 0.140;
  28.840; 0.139;
  28.850; 0.140;
  28.860; 0.139;
  28.870; 0.140;
  28.880; 0.139;
  28.890; 0.141;
  28.900; 0.139;
  28.910; 0.140;
  28.920; 0.140;
  28.930; 0.142;
  28.940; 0.139;
  28.950; 0.141;
  28.960; 0.140;
  28.970; 0.141;
  28.980; 0.140;
  28.990; 0.141;
  29.000; 0.141;
  29.010; 0.140;
  29.020; 0.139;
  29.030; 0.140;
  29.040; 0.140;
  29.050; 0.141;
  29.060; 0.139;
  29.070; 0.140;
  29.080; 0.140;
  29.090; 0.141;
  29.100; 0.139;
  29.110; 0.139;
  29.120; 0.139;
  29.130; 0.140;
  29.140; 0.138;
  29.150; 0.139;
  29.160; 0.138;
  29.170; 0.139;
  29.180; 0.136;
  29.190; 0.139;
  29.200; 0.139;
  29.210; 0.139;
  29.220; 0.138;
  29.230; 0.139;
  29.240; 0.138;
  29.250; 0.139;
  29.260; 0.139;
  29.270; 0.139;
  29.280; 0.138;
  29.290; 0.140;
  29.300; 0.138;
  29.310; 0.139;
  29.320; 0.139;
  29.330; 0.139;
  29.340; 0.136;
  29.350; 0.139;
  29.360; 0.136;
  29.370; 0.138;
  29.380; 0.138;
  29.390; 0.138;
  29.400; 0.138;
  29.410; 0.139;
  29.420; 0.138;
  29.430; 0.140;
  29.440; 0.139;
  29.450; 0.140;
  29.460; 0.138;
  29.470; 0.139;
  29.480; 0.138;
  29.490; 0.139;
  29.500; 0.139;
  29.510; 0.139;
  29.520; 0.139;
  29.530; 0.139;
  29.540; 0.139;
  29.550; 0.139;
  29.560; 0.139;
  29.570; 0.140;
  29.580; 0.139;
  29.590; 0.140;
  29.600; 0.139;
  29.610; 0.141;
  29.620; 0.139;
  29.630; 0.140;
  29.640; 0.139;
  29.650; 0.140;
  29.660; 0.139;
  29.670; 0.140;
  29.680; 0.140;
  29.690; 0.141;
  29.700; 0.139;
  29.710; 0.140;
  29.720; 0.140;
  29.730; 0.141;
  29.740; 0.139;
  29.750; 0.140;
  29.760; 0.139;
  29.770; 0.141;
  29.780; 0.140;
  29.790; 0.140;
  29.800; 0.140;
  29.810; 0.141;
  29.820; 0.140;
  29.830; 0.140;
  29.840; 0.140;
  29.850; 0.141;
  29.860; 0.140;
  29.870; 0.140;
  29.880; 0.140;
  29.890; 0.141;
  29.900; 0.139;
  29.910; 0.140;
  29.920; 0.139;
  29.930; 0.141;
  29.940; 0.140;
  29.950; 0.140;
  29.960; 0.139;
  29.970; 0.141;
  29.980; 0.140;
  29.990; 0.140;
  30.000; 0.139;
  30.010; 0.141;
  30.020; 0.139;
  30.030; 0.140;
  30.040; 0.139;
  30.050; 0.141;
  30.060; 0.138;
  30.070; 0.139;
  30.080; 0.139;
  30.090; 0.140;
  30.100; 0.139;
  30.110; 0.139;
  30.120; 0.139;
  30.130; 0.139;
  30.140; 0.138;
  30.150; 0.139;
  30.160; 0.139;
  30.170; 0.140;
  30.180; 0.139;
  30.190; 0.139;
  30.200; 0.139;
  30.210; 0.139;
  30.220; 0.139;
  30.230; 0.139;
  30.240; 0.138;
  30.250; 0.140;
  30.260; 0.138;
  30.270; 0.139;
  30.280; 0.139;
  30.290; 0.140;
  30.300; 0.138;
  30.310; 0.139;
  30.320; 0.138;
  30.330; 0.140;
  30.340; 0.139;
  30.350; 0.139;
  30.360; 0.136;
  30.370; 0.139;
  30.380; 0.138;
  30.390; 0.139;
  30.400; 0.138;
  30.410; 0.139;
  30.420; 0.136;
  30.430; 0.138;
  30.440; 0.138;
  30.450; 0.139;
  30.460; 0.136;
  30.470; 0.138;
  30.480; 0.138;
  30.490; 0.139;
  30.500; 0.136;
  30.510; 0.138;
  30.520; 0.138;
  30.530; 0.139;
  30.540; 0.138;
  30.550; 0.138;
  30.560; 0.139;
  30.570; 0.140;
  30.580; 0.138;
  30.590; 0.139;
  30.600; 0.139;
  30.610; 0.139;
  30.620; 0.138;
  30.630; 0.139;
  30.640; 0.138;
  30.650; 0.140;
  30.660; 0.138;
  30.670; 0.139;
  30.680; 0.138;
  30.690; 0.140;
  30.700; 0.138;
  30.710; 0.139;
  30.720; 0.138;
  30.730; 0.139;
  30.740; 0.138;
  30.750; 0.139;
  30.760; 0.138;
  30.770; 0.139;
  30.780; 0.138;
  30.790; 0.138;
  30.800; 0.138;
  30.810; 0.139;
  30.820; 0.139;
  30.830; 0.139;
  30.840; 0.139;
  30.850; 0.140;
  30.860; 0.138;
  30.870; 0.139;
  30.880; 0.139;
  30.890; 0.140;
  30.900; 0.138;
  30.910; 0.139;
  30.920; 0.139;
  30.930; 0.139;
  30.940; 0.138;
  30.950; 0.139;
  30.960; 0.138;
  30.970; 0.140;
  30.980; 0.138;
  30.990; 0.139;
  31.000; 0.138;
  31.010; 0.139;
  31.020; 0.138;
  31.030; 0.139;
  31.040; 0.138;
  31.050; 0.140;
  31.060; 0.139;
  31.070; 0.139;
  31.080; 0.139;
  31.090; 0.140;
  31.100; 0.139;
  31.110; 0.138;
  31.120; 0.138;
  31.130; 0.139;
  31.140; 0.138;
  31.150; 0.138;
  31.160; 0.138;
  31.170; 0.139;
  31.180; 0.136;
  31.190; 0.138;
  31.200; 0.138;
  31.210; 0.139;
  31.220; 0.138;
  31.230; 0.139;
  31.240; 0.138;
  31.250; 0.139;
  31.260; 0.138;
  31.270; 0.139;
  31.280; 0.139;
  31.290; 0.139;
  31.300; 0.138;
  31.310; 0.139;
  31.320; 0.139;
  31.330; 0.141;
  31.340; 0.139;
  31.350; 0.139;
  31.360; 0.139;
  31.370; 0.140;
  31.380; 0.139;
  31.390; 0.140;
  31.400; 0.139;
  31.410; 0.141;
  31.420; 0.139;
  31.430; 0.140;
  31.440; 0.139;
  31.450; 0.141;
  31.460; 0.139;
  31.470; 0.140;
  31.480; 0.140;
  31.490; 0.141;
  31.500; 0.140;
  31.510; 0.140;
  31.520; 0.139;
  31.530; 0.141;
  31.540; 0.140;
  31.550; 0.141;
  31.560; 0.140;
  31.570; 0.141;
  31.580; 0.139;
  31.590; 0.140;
  31.600; 0.141;
  31.610; 0.141;
  31.620; 0.140;
  31.630; 0.141;
  31.640; 0.140;
  31.650; 0.141;
  31.660; 0.140;
  31.670; 0.140;
  31.680; 0.140;
  31.690; 0.141;
  31.700; 0.139;
  31.710; 0.140;
  31.720; 0.140;
  31.730; 0.141;
  31.740; 0.140;
  31.750; 0.140;
  31.760; 0.139;
  31.770; 0.141;
  31.780; 0.139;
  31.790; 0.141;
  31.800; 0.140;
  31.810; 0.141;
  31.820; 0.140;
  31.830; 0.141;
  31.840; 0.140;
  31.850; 0.142;
  31.860; 0.140;
  31.870; 0.141;
  31.880; 0.141;
  31.890; 0.141;
  31.900; 0.140;
  31.910; 0.141;
  31.920; 0.140;
  31.930; 0.141;
  31.940; 0.140;
  31.950; 0.141;
  31.960; 0.141;
  31.970; 0.142;
  31.980; 0.141;
  31.990; 0.141;
  32.000; 0.142;
  32.010; 0.141;
  32.020; 0.141;
  32.030; 0.141;
  32.040; 0.140;
  32.050; 0.141;
  32.060; 0.140;
  32.070; 0.142;
  32.080; 0.141;
  32.090; 0.142;
  32.100; 0.141;
  32.110; 0.141;
  32.120; 0.141;
  32.130; 0.145;
  32.140; 0.141;
  32.150; 0.142;
  32.160; 0.142;
  32.170; 0.144;
  32.180; 0.141;
  32.190; 0.144;
  32.200; 0.141;
  32.210; 0.144;
  32.220; 0.141;
  32.230; 0.142;
  32.240; 0.142;
  32.250; 0.144;
  32.260; 0.141;
  32.270; 0.141;
  32.280; 0.142;
  32.290; 0.144;
  32.300; 0.142;
  32.310; 0.142;
  32.320; 0.140;
  32.330; 0.142;
  32.340; 0.141;
  32.350; 0.142;
  32.360; 0.140;
  32.370; 0.141;
  32.380; 0.140;
  32.390; 0.141;
  32.400; 0.140;
  32.410; 0.142;
  32.420; 0.141;
  32.430; 0.142;
  32.440; 0.140;
  32.450; 0.142;
  32.460; 0.140;
  32.470; 0.140;
  32.480; 0.140;
  32.490; 0.141;
  32.500; 0.140;
  32.510; 0.140;
  32.520; 0.140;
  32.530; 0.141;
  32.540; 0.140;
  32.550; 0.141;
  32.560; 0.140;
  32.570; 0.142;
  32.580; 0.140;
  32.590; 0.141;
  32.600; 0.141;
  32.610; 0.142;
  32.620; 0.140;
  32.630; 0.141;
  32.640; 0.141;
  32.650; 0.141;
  32.660; 0.140;
  32.670; 0.141;
  32.680; 0.141;
  32.690; 0.142;
  32.700; 0.139;
  32.710; 0.141;
  32.720; 0.141;
  32.730; 0.142;
  32.740; 0.140;
  32.750; 0.142;
  32.760; 0.140;
  32.770; 0.141;
  32.780; 0.141;
  32.790; 0.141;
  32.800; 0.141;
  32.810; 0.141;
  32.820; 0.139;
  32.830; 0.141;
  32.840; 0.140;
  32.850; 0.141;
  32.860; 0.139;
  32.870; 0.140;
  32.880; 0.139;
  32.890; 0.141;
  32.900; 0.140;
  32.910; 0.141;
  32.920; 0.139;
  32.930; 0.141;
  32.940; 0.139;
  32.950; 0.141;
  32.960; 0.140;
  32.970; 0.141;
  32.980; 0.140;
  32.990; 0.141;
  33.000; 0.140;
  33.010; 0.141;
  33.020; 0.140;
  33.030; 0.141;
  33.040; 0.140;
  33.050; 0.142;
  33.060; 0.140;
  33.070; 0.140;
  33.080; 0.140;
  33.090; 0.141;
  33.100; 0.140;
  33.110; 0.140;
  33.120; 0.140;
  33.130; 0.141;
  33.140; 0.139;
  33.150; 0.140;
  33.160; 0.140;
  33.170; 0.141;
  33.180; 0.140;
  33.190; 0.140;
  33.200; 0.140;
  33.210; 0.141;
  33.220; 0.140;
  33.230; 0.140;
  33.240; 0.140;
  33.250; 0.141;
  33.260; 0.141;
  33.270; 0.141;
  33.280; 0.141;
  33.290; 0.142;
  33.300; 0.141;
  33.310; 0.140;
  33.320; 0.141;
  33.330; 0.141;
  33.340; 0.139;
  33.350; 0.141;
  33.360; 0.140;
  33.370; 0.142;
  33.380; 0.139;
  33.390; 0.140;
  33.400; 0.140;
  33.410; 0.142;
  33.420; 0.139;
  33.430; 0.140;
  33.440; 0.140;
  33.450; 0.140;
  33.460; 0.140;
  33.470; 0.142;
  33.480; 0.140;
  33.490; 0.141;
  33.500; 0.140;
  33.510; 0.140;
  33.520; 0.139;
  33.530; 0.142;
  33.540; 0.140;
  33.550; 0.141;
  33.560; 0.140;
  33.570; 0.141;
  33.580; 0.140;
  33.590; 0.141;
  33.600; 0.140;
  33.610; 0.141;
  33.620; 0.140;
  33.630; 0.140;
  33.640; 0.140;
  33.650; 0.141;
  33.660; 0.139;
  33.670; 0.140;
  33.680; 0.140;
  33.690; 0.141;
  33.700; 0.140;
  33.710; 0.140;
  33.720; 0.141;
  33.730; 0.140;
  33.740; 0.140;
  33.750; 0.140;
  33.760; 0.139;
  33.770; 0.140;
  33.780; 0.139;
  33.790; 0.139;
  33.800; 0.139;
  33.810; 0.140;
  33.820; 0.140;
  33.830; 0.140;
  33.840; 0.139;
  33.850; 0.141;
  33.860; 0.139;
  33.870; 0.141;
  33.880; 0.139;
  33.890; 0.141;
  33.900; 0.140;
  33.910; 0.141;
  33.920; 0.140;
  33.930; 0.142;
  33.940; 0.140;
  33.950; 0.141;
  33.960; 0.142;
  33.970; 0.142;
  33.980; 0.141;
  33.990; 0.142;
  34.000; 0.141;
  34.010; 0.142;
  34.020; 0.141;
  34.030; 0.141;
  34.040; 0.141;
  34.050; 0.144;
  34.060; 0.141;
  34.070; 0.142;
  34.080; 0.142;
  34.090; 0.144;
  34.100; 0.141;
  34.110; 0.141;
  34.120; 0.142;
  34.130; 0.142;
  34.140; 0.141;
  34.150; 0.144;
  34.160; 0.141;
  34.170; 0.142;
  34.180; 0.142;
  34.190; 0.142;
  34.200; 0.142;
  34.210; 0.142;
  34.220; 0.141;
  34.230; 0.144;
  34.240; 0.144;
  34.250; 0.144;
  34.260; 0.141;
  34.270; 0.142;
  34.280; 0.142;
  34.290; 0.144;
  34.300; 0.141;
  34.310; 0.142;
  34.320; 0.141;
  34.330; 0.144;
  34.340; 0.141;
  34.350; 0.142;
  34.360; 0.141;
  34.370; 0.142;
  34.380; 0.141;
  34.390; 0.141;
  34.400; 0.142;
  34.410; 0.142;
  34.420; 0.141;
  34.430; 0.141;
  34.440; 0.141;
  34.450; 0.142;
  34.460; 0.140;
  34.470; 0.141;
  34.480; 0.140;
  34.490; 0.141;
  34.500; 0.140;
  34.510; 0.140;
  34.520; 0.140;
  34.530; 0.141;
  34.540; 0.140;
  34.550; 0.141;
  34.560; 0.140;
  34.570; 0.141;
  34.580; 0.139;
  34.590; 0.140;
  34.600; 0.140;
  34.610; 0.141;
  34.620; 0.140;
  34.630; 0.140;
  34.640; 0.140;
  34.650; 0.141;
  34.660; 0.139;
  34.670; 0.140;
  34.680; 0.139;
  34.690; 0.141;
  34.700; 0.140;
  34.710; 0.140;
  34.720; 0.140;
  34.730; 0.141;
  34.740; 0.140;
  34.750; 0.141;
  34.760; 0.140;
  34.770; 0.141;
  34.780; 0.141;
  34.790; 0.141;
  34.800; 0.141;
  34.810; 0.142;
  34.820; 0.140;
  34.830; 0.140;
  34.840; 0.140;
  34.850; 0.142;
  34.860; 0.140;
  34.870; 0.141;
  34.880; 0.141;
  34.890; 0.144;
  34.900; 0.141;
  34.910; 0.144;
  34.920; 0.142;
  34.930; 0.144;
  34.940; 0.141;
  34.950; 0.145;
  34.960; 0.141;
  34.970; 0.142;
  34.980; 0.141;
  34.990; 0.142;
  35.000; 0.142;
  35.010; 0.144;
  35.020; 0.140;
  35.030; 0.141;
  35.040; 0.141;
  35.050; 0.142;
  35.060; 0.140;
  35.070; 0.141;
  35.080; 0.141;
  35.090; 0.142;
  35.100; 0.140;
  35.110; 0.141;
  35.120; 0.140;
  35.130; 0.142;
  35.140; 0.140;
  35.150; 0.141;
  35.160; 0.140;
  35.170; 0.142;
  35.180; 0.141;
  35.190; 0.141;
  35.200; 0.141;
  35.210; 0.142;
  35.220; 0.140;
  35.230; 0.142;
  35.240; 0.141;
  35.250; 0.142;
  35.260; 0.140;
  35.270; 0.141;
  35.280; 0.141;
  35.290; 0.142;
  35.300; 0.140;
  35.310; 0.142;
  35.320; 0.142;
  35.330; 0.142;
  35.340; 0.141;
  35.350; 0.142;
  35.360; 0.141;
  35.370; 0.142;
  35.380; 0.141;
  35.390; 0.141;
  35.400; 0.142;
  35.410; 0.141;
  35.420; 0.140;
  35.430; 0.141;
  35.440; 0.141;
  35.450; 0.142;
  35.460; 0.140;
  35.470; 0.141;
  35.480; 0.141;
  35.490; 0.141;
  35.500; 0.140;
  35.510; 0.141;
  35.520; 0.139;
  35.530; 0.141;
  35.540; 0.140;
  35.550; 0.140;
  35.560; 0.139;
  35.570; 0.141;
  35.580; 0.140;
  35.590; 0.140;
  35.600; 0.140;
  35.610; 0.141;
  35.620; 0.139;
  35.630; 0.140;
  35.640; 0.140;
  35.650; 0.141;
  35.660; 0.140;
  35.670; 0.140;
  35.680; 0.141;
  35.690; 0.142;
  35.700; 0.140;
  35.710; 0.141;
  35.720; 0.140;
  35.730; 0.141;
  35.740; 0.141;
  35.750; 0.141;
  35.760; 0.141;
  35.770; 0.142;
  35.780; 0.140;
  35.790; 0.142;
  35.800; 0.141;
  35.810; 0.142;
  35.820; 0.141;
  35.830; 0.141;
  35.840; 0.141;
  35.850; 0.144;
  35.860; 0.141;
  35.870; 0.141;
  35.880; 0.141;
  35.890; 0.142;
  35.900; 0.141;
  35.910; 0.142;
  35.920; 0.141;
  35.930; 0.142;
  35.940; 0.141;
  35.950; 0.142;
  35.960; 0.141;
  35.970; 0.142;
  35.980; 0.141;
  35.990; 0.142;
  36.000; 0.141;
  36.010; 0.142;
  36.020; 0.141;
  36.030; 0.141;
  36.040; 0.141;
  36.050; 0.142;
  36.060; 0.139;
  36.070; 0.141;
  36.080; 0.140;
  36.090; 0.142;
  36.100; 0.140;
  36.110; 0.140;
  36.120; 0.140;
  36.130; 0.141;
  36.140; 0.140;
  36.150; 0.140;
  36.160; 0.141;
  36.170; 0.142;
  36.180; 0.140;
  36.190; 0.141;
  36.200; 0.140;
  36.210; 0.144;
  36.220; 0.140;
  36.230; 0.141;
  36.240; 0.142;
  36.250; 0.142;
  36.260; 0.140;
  36.270; 0.142;
  36.280; 0.141;
  36.290; 0.144;
  36.300; 0.142;
  36.310; 0.141;
  36.320; 0.141;
  36.330; 0.142;
  36.340; 0.141;
  36.350; 0.141;
  36.360; 0.140;
  36.370; 0.141;
  36.380; 0.140;
  36.390; 0.141;
  36.400; 0.141;
  36.410; 0.142;
  36.420; 0.140;
  36.430; 0.141;
  36.440; 0.141;
  36.450; 0.142;
  36.460; 0.140;
  36.470; 0.142;
  36.480; 0.141;
  36.490; 0.142;
  36.500; 0.141;
  36.510; 0.142;
  36.520; 0.141;
  36.530; 0.142;
  36.540; 0.141;
  36.550; 0.142;
  36.560; 0.141;
  36.570; 0.142;
  36.580; 0.141;
  36.590; 0.142;
  36.600; 0.141;
  36.610; 0.142;
  36.620; 0.141;
  36.630; 0.142;
  36.640; 0.141;
  36.650; 0.144;
  36.660; 0.141;
  36.670; 0.142;
  36.680; 0.142;
  36.690; 0.144;
  36.700; 0.142;
  36.710; 0.142;
  36.720; 0.141;
  36.730; 0.144;
  36.740; 0.141;
  36.750; 0.142;
  36.760; 0.141;
  36.770; 0.142;
  36.780; 0.141;
  36.790; 0.141;
  36.800; 0.142;
  36.810; 0.144;
  36.820; 0.141;
  36.830; 0.142;
  36.840; 0.142;
  36.850; 0.142;
  36.860; 0.141;
  36.870; 0.142;
  36.880; 0.141;
  36.890; 0.142;
  36.900; 0.142;
  36.910; 0.142;
  36.920; 0.142;
  36.930; 0.144;
  36.940; 0.142;
  36.950; 0.142;
  36.960; 0.000;
  36.970; 0.000;
  36.980; 0.000;
  36.990; 0.000;
  37.000; 0.000;
  37.010; 0.000;
  37.020; 0.000;
  37.030; 0.000;
  37.040; 0.000;
  37.050; 0.000;
  37.060; 0.000;
  37.070; 0.000;
  37.080; 0.000;
  37.090; 0.000;
  37.100; 0.000;
  37.110; 0.000;
  37.120; 0.000;
  37.130; 0.000;
  37.140; 0.000;
  37.150; 0.000;
  37.160; 0.000;
  37.170; 0.000;
  37.180; 0.000;
  37.190; 0.000;
  37.200; 0.000;
  37.210; 0.000;
  37.220; 0.000;
  37.230; 0.000;
  37.240; 0.000;
  37.250; 0.000;
  37.260; 0.000;
  37.270; 0.000;
  37.280; 0.000;
  37.290; 0.000;
  37.300; 0.000;
  37.310; 0.000;
  37.320; 0.000;
  37.330; 0.000;
  37.340; 0.000;
  37.350; 0.000;
  37.360; 0.000;
  37.370; 0.000;
  37.380; 0.000;
  37.390; 0.000;
  37.400; 0.000;
  37.410; 0.000;
  37.420; 0.000;
  37.430; 0.000;
  37.440; 0.000;
  37.450; 0.000;
  37.460; 0.000;
  37.470; 0.000;
  37.480; 0.000;
  37.490; 0.000;
  37.500; 0.000;
  37.510; 0.000;
  37.520; 0.000;
  37.530; 0.000;
  37.540; 0.000;
  37.550; 0.000;
  37.560; 0.000;
  37.570; 0.000;
  37.580; 0.000;
  37.590; 0.000;
  37.600; 0.000;
  37.610; 0.000;
  37.620; 0.000;
  37.630; 0.000;
  37.640; 0.000;
  37.650; 0.000;
  37.660; 0.000;
  37.670; 0.000;
  37.680; 0.000;
  37.690; 0.000;
  37.700; 0.000;
  37.710; 0.000;
  37.720; 0.000;
  37.730; 0.000;
  37.740; 0.000;
  37.750; 0.000;
  37.760; 0.000;
  37.770; 0.000;
  37.780; 0.000;
  37.790; 0.000;
  37.800; 0.000;
  37.810; 0.000;
  37.820; 0.000;
  37.830; 0.000;
  37.840; 0.000;
  37.850; 0.000;
  37.860; 0.000;
  37.870; 0.000;
  37.880; 0.000;
  37.890; 0.000;
  37.900; 0.000;
  37.910; 0.000;
  37.920; 0.000;
  37.930; 0.000;
  37.940; 0.000;
  37.950; 0.000;
  37.960; 0.000;
  37.970; 0.000;
  37.980; 0.000;
  37.990; 0.000;
  38.000; 0.000;
  38.010; 0.000;
  38.020; 0.000;
  38.030; 0.000;
  38.040; 0.000;
  38.050; 0.000;
  38.060; 0.000;
  38.070; 0.000;
  38.080; 0.000;
  38.090; 0.000;
  38.100; 0.000;
  38.110; 0.000;
  38.120; 0.000;
  38.130; 0.000;
  38.140; 0.000;
  38.150; 0.000;
  38.160; 0.000;
  38.170; 0.000;
  38.180; 0.000;
  38.190; 0.000;
  38.200; 0.000;
  38.210; 0.000;
  38.220; 0.000;
  38.230; 0.000;
  38.240; 0.000;
  38.250; 0.000;
  38.260; 0.000;
  38.270; 0.000;
  38.280; 0.000;
  38.290; 0.000;
  38.300; 0.000;
  38.310; 0.000;
  38.320; 0.000;
  38.330; 0.000;
  38.340; 0.000;
  38.350; 0.000;
  38.360; 0.000;
  38.370; 0.000;
  38.380; 0.000;
  38.390; 0.000;
  38.400; 0.000;
  38.410; 0.000;
  38.420; 0.000;
  38.430; 0.000;
  38.440; 0.000;
  38.450; 0.000;
  38.460; 0.000;
  38.470; 0.000;
  38.480; 0.000;
  38.490; 0.000;
  38.500; 0.000;
  38.510; 0.000;
  38.520; 0.000;
  38.530; 0.000;
  38.540; 0.000;
  38.550; 0.000;
  38.560; 0.000;
  38.570; 0.000;
  38.580; 0.000;
  38.590; 0.000;
  38.600; 0.000;
  38.610; 0.000;
  38.620; 0.000;
  38.630; 0.000;
  38.640; 0.000;
  38.650; 0.000;
  38.660; 0.000;
  38.670; 0.000;
  38.680; 0.000;
  38.690; 0.000;
  38.700; 0.000;
  38.710; 0.000;
  38.720; 0.000;
  38.730; 0.000;
  38.740; 0.000;
  38.750; 0.000;
  38.760; 0.000;
  38.770; 0.000;
  38.780; 0.000;
  38.790; 0.000;
  38.800; 0.000;
  38.810; 0.000;
  38.820; 0.000;
  38.830; 0.000;
  38.840; 0.000;
  38.850; 0.000;
  38.860; 0.000;
  38.870; 0.000;
  38.880; 0.000;
  38.890; 0.000;
  38.900; 0.000;
  38.910; 0.000;
  38.920; 0.000;
  38.930; 0.000;
  38.940; 0.000;
  38.950; 0.000;
  38.960; 0.000;
  38.970; 0.000;
  38.980; 0.000;
  38.990; 0.000;
  39.000; 0.000;
  39.010; 0.000;
  39.020; 0.000;
  39.030; 0.000;
  39.040; 0.000;
  39.050; 0.000;
  39.060; 0.000;
  39.070; 0.000;
  39.080; 0.000;
  39.090; 0.000;
  39.100; 0.000;
  39.110; 0.000;
  39.120; 0.000;
  39.130; 0.000;
  39.140; 0.000;
  39.150; 0.000;
  39.160; 0.000;
  39.170; 0.000;
  39.180; 0.000;
  39.190; 0.000;
  39.200; 0.000;
  39.210; 0.000;
  39.220; 0.000;
  39.230; 0.000;
  39.240; 0.000;
  39.250; 0.000;
  39.260; 0.000;
  39.270; 0.000;
  39.280; 0.000;
  39.290; 0.000;
  39.300; 0.000;
  39.310; 0.000;
  39.320; 0.000;
  39.330; 0.000;
  39.340; 0.000;
  39.350; 0.000;
  39.360; 0.000;
  39.370; 0.000;
  39.380; 0.000;
  39.390; 0.000;
  39.400; 0.000;
  39.410; 0.000;
  39.420; 0.000;
  39.430; 0.000;
  39.440; 0.000;
  39.450; 0.000;
  39.460; 0.000;
  39.470; 0.000;
  39.480; 0.000;
  39.490; 0.000;
  39.500; 0.000;
  39.510; 0.000;
  39.520; 0.000;
  39.530; 0.000;
  39.540; 0.000;
  39.550; 0.000;
  39.560; 0.000;
  39.570; 0.000;
  39.580; 0.000;
  39.590; 0.000;
  39.600; 0.000;
  39.610; 0.000;
  39.620; 0.000;
  39.630; 0.000;
  39.640; 0.000;
  39.650; 0.000;
  39.660; 0.000;
  39.670; 0.000;
  39.680; 0.000;
  39.690; 0.000;
  39.700; 0.000;
  39.710; 0.000;
  39.720; 0.000;
  39.730; 0.000;
  39.740; 0.000;
  39.750; 0.000;
  39.760; 0.000;
  39.770; 0.000;
  39.780; 0.000;
  39.790; 0.000;
  39.800; 0.000;
  39.810; 0.000;
  39.820; 0.000;
  39.830; 0.000;
  39.840; 0.000;
  39.850; 0.000;
  39.860; 0.000;
  39.870; 0.000;
  39.880; 0.000;
  39.890; 0.000;
  39.900; 0.000;
  39.910; 0.000;
  39.920; 0.000;
  39.930; 0.000;
  39.940; 0.000;
  39.950; 0.000;
  39.960; 0.000;
  39.970; 0.000;
  39.980; 0.000;
  39.990; 0.000;
